citation,urls,local_evidence,coverage
"Allaire, M., & Dinar, A. (2022). What drives water utility selection of pricing methods? Evidence from California. Water Resources Management, 36, 153–169. https://doi.org/10.1007/s11269-021-03018-8","[""https://doi.org/10.1007/s11269-021-03018-8"", ""https://pmc.ncbi.nlm.nih.gov/articles/PMC8566021/"", ""https://link.springer.com/article/10.1007/s11269-021-03018-8""]",[],"2026-10-02: full-text introduction, conceptual framework and methods inspected through PMC and Springer full text (Sections5–6); 323-system 2006–2015 adoption design supports the cited pricing-method claim. No newly saved full-text source file."
"August, O., Doyle, M. W., Patterson, L. A., & Smull, E. (2023). Financial capability and performance: Assessing trends among North Carolina utilities. Journal AWWA, 115(1), 10–25. https://doi.org/10.1002/awwa.2032","[""https://doi.org/10.1002/awwa.2032"", ""https://awwa.onlinelibrary.wiley.com/doi/abs/10.1002/awwa.2032"", ""https://www.hazenandsawyer.com/articles/financial-capability-and-performance-assessing-trends-among-north-carolina-utilities""]",[],2026-10-02: publisher metadata/key takeaways and author-employer excerpt inspected; 301-provider cost-recovery/affordability scope confirmed. Publisher full route redirected to abstract. Complete article not inspected.
"Bash, R., Grimshaw, W., Horan, K., Stanmyer, R., Warren, S., & Patterson, L. (2020). Addressing financial sustainability of drinking water systems with declining populations: Lessons from Pennsylvania. Nicholas Institute for Environmental Policy Solutions. Institutional abstract and metadata: https://scholars.duke.edu/publication/1565546","[""https://scholars.duke.edu/publication/1565546"", ""https://nicholasinstitute.duke.edu/sites/default/files/publications/Addressing-Financial-Sustainability-of-Drinking-Water-Systems-with-Declining-Populations.pdf""]","[""sources/files/pennsylvania_institutional_record.html""]","2026-10-02: Duke institutional abstract and metadata inspected; 16 systems/four municipal cases confirmed. Search-index excerpts of publisher PDF available, but publisher PDF/page access denied and Duke repository/handle route failed. No complete full-text inspection and no claim that report lacks a comparable regression or tariff appendix."
"Cardoso, D. S., & Wichman, C. J. (2022). Water affordability in the United States. Water Resources Research, 58, e2022WR032206. https://doi.org/10.1029/2022WR032206","[""https://doi.org/10.1029/2022WR032206"", ""https://www.diegoscardoso.com/research/water_affordability_US"", ""https://www.diegoscardoso.com/files/papers/Cardoso_Wichman_Water_Affordability_US.pdf""]",[],2026-10-02: published bibliographic record and author-hosted abstract checked; introduction/methods of February 2022 working paper inspected in full text. Working-paper wording is not presumed identical to the published article. Supports income-distribution/geographic-matching qualification.
"Doyle, M. W., Patterson, L., Smull, E., & Warren, S. (2020). Growing options for shrinking cities. Journal AWWA, 112(12), 56–66. https://doi.org/10.1002/awwa.1634","[""https://doi.org/10.1002/awwa.1634"", ""https://scholars.duke.edu/publication/1466961""]",[],"2026-10-02: institutional abstract/metadata inspected; revenue loss, excess capacity and affordability/service/fiscal tradeoffs supported. Full article not inspected."
"Henderson County Water District. (2024). February 2024 PSC water-loss surcharge reporting form. Filed March 15, case 2023-00333. https://psc.ky.gov/Case/ViewCaseFilings/2023-00333","[""https://psc.ky.gov/Case/ViewCaseFilings/2023-00333""]","[""sources/files/henderson_feb2024.pdf""]",Selected local evidence; inclusion is not new full-text review or redistribution clearance.
Kentucky Public Service Commission. (n.d.-a). About the Public Service Commission. https://psc.ky.gov/Home/About,"[""https://psc.ky.gov/Home/About""]","[""sources/files/psc_about.html""]",Selected local evidence; inclusion is not new full-text review or redistribution clearance.
Kentucky Public Service Commission. (n.d.-b). Purchased water adjustment: Frequently asked questions. https://psc.ky.gov/Home/PurchasedWaterAdjustment,"[""https://psc.ky.gov/Home/PurchasedWaterAdjustment""]","[""sources/files/psc_pwa.html""]",Selected local evidence; inclusion is not new full-text review or redistribution clearance.
"Kentucky Public Service Commission. (Various years). Annual utility reports, historical water tariffs, and case filings. Case-specific sources and document pages are listed in Appendix B and the accompanying evidence register. https://psc.ky.gov/","[""https://psc.ky.gov/""]","[""sources/catalog.csv""]",Selected local evidence; inclusion is not new full-text review or redistribution clearance.
"Mahmood, O., & Lane, K. (2026). A systematic literature review of solutions for shrinking water systems. ACS ES&T Water, 6(5), 2684–2702. https://doi.org/10.1021/acsestwater.6c00191","[""https://doi.org/10.1021/acsestwater.6c00191"", ""https://acs.figshare.com/articles/journal_contribution/A_Systematic_Literature_Review_of_Solutions_for_Shrinking_Water_Systems/32095566""]",[],2026-10-02: publisher search metadata and ACS Figshare abstract inspected (37 peer-reviewed papers/50 gray resources; regionalization and regulatory/managerial strategies). Publisher full text unavailable; no complete article inspection.
"Ormsbee, L., Byrne, D., McNeil, D., Yost, S., & Garner, E. (2026). The challenges of water infrastructure in the Central Appalachia region of the United States. Journal of Water Resources Planning and Management, 152(2), 05025017. https://doi.org/10.1061/JWRMD5.WRENG-7119","[""https://doi.org/10.1061/JWRMD5.WRENG-7119"", ""https://scholars.uky.edu/en/publications/the-challenges-of-water-infrastructure-in-the-central-appalachia-/""]",[],2026-10-02: University of Kentucky institutional abstract/metadata inspected; 145 utility interactions and named infrastructure/finance/workforce/governance topics confirmed. Full article not inspected.
"Patterson, L. A., & Doyle, M. W. (2021). Measuring water affordability and the financial capability of utilities. AWWA Water Science, 3(6), e1260. https://doi.org/10.1002/aws2.1260","[""https://doi.org/10.1002/aws2.1260"", ""https://awwa.onlinelibrary.wiley.com/doi/full/10.1002/aws2.1260""]",[],"2026-10-02: publisher full-text introduction and methods inspected; household affordability versus utility financial capability, income-distribution metrics and service-area/rate matching support the attached claims. No new local full-text file."
"Patterson, L. A., Bryson, S. A., & Doyle, M. W. (2023). Affordability of household water services across the United States. PLOS Water, 2(5), e0000123. https://doi.org/10.1371/journal.pwat.0000123","[""https://doi.org/10.1371/journal.pwat.0000123"", ""https://journals.plos.org/water/article?id=10.1371/journal.pwat.0000123""]",[],"2026-10-02: PLOS full-text abstract, introduction and data/method sections inspected; service-area and income-distribution requirement confirmed. No new local full-text file."
"Shelton, R., Draper, R., & Cromer, M. (2023). Drinking water affordability in Kentucky. Appalachian Citizens’ Law Center. https://aclc.org/wp-content/uploads/2024/02/Drinking-Water-Affordability-in-Kentucky-1.pdf","[""https://aclc.org/wp-content/uploads/2024/02/Drinking-Water-Affordability-in-Kentucky-1.pdf""]","[""sources/files/kentucky_affordability.pdf""]","2026-10-02: selected original full-text pages inspected: pp5–7 methods, pp11–15 rate cases/rate structure, pp28–30 ratemaking appendix. Report already uses 2k/4k/6k charges, surcharges and regulatory case evidence; do not reduce its contribution to a price snapshot. The exact original is retained privately and linked through sources/access.csv; it is not bundled. local_evidence records its expected execution path."
"U.S. Bureau of Labor Statistics. (2019, 2024). Consumer Price Index for All Urban Consumers: All items, U.S. city average, not seasonally adjusted, series CUUR0000SA0, December observations. https://www.bls.gov/cpi/data.htm","[""https://www.bls.gov/cpi/data.htm"", ""https://www.bls.gov/news.release/archives/cpi_01142020.htm"", ""https://www.bls.gov/news.release/archives/cpi_01152025.htm""]",[],2026-10-02: BLS archived December CPI releases inspected; unadjusted all-items CPI-U 256.974 (December2019) and315.605 (December2024) confirmed. Constants unchanged; data years differ from release years2020/2025. No new local raw CPI download.
