utility_id,utility_name,population,meter_category,tariff_customer_category,tariff_territory,benchmark_comparability,shares,coverage_class,decision,qualification,counties_2019,county_page_2019,accounts_2019,account_source_2019,account_page_2019,tariff_source_2019,tariff_page_2019,counties_2024,county_page_2024,accounts_2024,account_source_2024,account_page_2024,tariff_source_2024,tariff_page_2024
19400,Knott County Water & Sewer District,"District-wide reported year-end residential customers, PSC account 461.1; not population or household count",3/4-inch on both tariff sheets; 2020 order calls small class 5/8–3/4 inch,Ordinary single retail connection; excludes special well-loss arrangement,Knott County general retail schedule; southwest volume-rate table crossed out with 2007 annotations,Same ordinary small-connection category traceable across endpoints,"Geographic, meter-size and special-category shares unavailable; no weights imputed",General retail benchmark across reported territory; all-account representation unverified,Admit in v3,Southwest usage-rate table visibly cancelled in 2007; legacy special well-loss arrangement not treated as current ordinary tariff.,Knott,12,3055,sources/files/annual_19400_2019.pdf,49,sources/files/19400_tariff_51ad07ca6ab4.pdf,1,Knott,12,3170,sources/files/annual_19400_2024.pdf,49,sources/files/19400_tariff_4db405702395.pdf,5
19900,Corinth Water District,"District-wide reported year-end residential customers, PSC account 461.1; not population or household count",Not specified on monthly-rate sheet,General monthly retail; excludes truck loading and purchased-water line,Corinth / entire service area,Same ordinary small-connection category traceable across endpoints,"Geographic, meter-size and special-category shares unavailable; no weights imputed",General retail benchmark across reported territory; all-account representation unverified,Retain,Other meter sizes and multi-unit/commercial/wholesale rules do not define this benchmark.,"Grant, Harrison, Pendleton",12,1131,sources/files/annual_19900_2019.pdf,52,sources/files/19900_tariff_8fbce623fb4c.pdf,1,"Grant, Harrison, Pendleton",12,1236,sources/files/annual_19900_2024.pdf,49,sources/files/19900_tariff_a4666e1e3ef0.pdf,3
20200,Cumberland Falls Highway Water District,"District-wide reported year-end residential customers, PSC account 461.1; not population or household count",5/8 x 3/4 inch,Meter-size retail schedule,Entire district service area,Same ordinary small-connection category traceable across endpoints,"Geographic, meter-size and special-category shares unavailable; no weights imputed",General retail benchmark across reported territory; all-account representation unverified,Retain,Other meter sizes and multi-unit/commercial/wholesale rules do not define this benchmark.,Whitley,12,3271,sources/files/annual_20200_2019.pdf,49,sources/files/20200_tariff_5ac107ae7e22.pdf,1,Whitley,12,3567,sources/files/annual_20200_2024.pdf,49,sources/files/20200_tariff_5ac107ae7e22.pdf,1
21500,Estill County Water District #1,"District-wide reported year-end residential customers, PSC account 461.1; not population or household count",5/8 x 3/4 inch,General retail excluding Cobhill-specific 2019 $4.81 surcharge; not a universal district bill,Estill County; non-Cobhill benchmark,Same ordinary small-connection category traceable across endpoints,"Geographic, meter-size and special-category shares unavailable; no weights imputed",Stable explicitly non-Cobhill geographic benchmark,Retain,District-wide counts include Cobhill; exact segment counts unavailable; 2023–24 account fluctuation remains unexplained.,Estill,12,3527,sources/files/annual_21500_2019.pdf,49,sources/files/21500_tariff_8e162391d567.pdf,1,Estill,12,3648,sources/files/annual_21500_2024.pdf,49,sources/files/21500_tariff_021ec0ba1780.pdf,2
22500,Hardin County Water District #1,"District-wide reported year-end residential customers, PSC account 461.1; not population or household count",5/8 inch; distinct from more costly 3/4-inch meter,Retail volume charge plus small-meter customer charge; no private fire service,Entire area served,Same ordinary small-connection category traceable across endpoints,"Geographic, meter-size and special-category shares unavailable; no weights imputed",General retail benchmark across reported territory; all-account representation unverified,Retain,"Select distinct 5/8-inch fixed charge, not more costly 3/4-inch; no residential meter-size shares.","Breckinridge, Hardin, Meade",12,9504,sources/files/annual_22500_2019.pdf,49,sources/files/22500_tariff_2707ae520d36.pdf,2,"Breckinridge, Hardin, Meade",12,9437,sources/files/annual_22500_2024.pdf,49,sources/files/22500_tariff_35cfd920aac6.pdf,1
22700,Henderson County Water District,"District-wide reported year-end residential customers, PSC account 461.1; not population or household count",5/8 x 3/4 inch,Meter-size retail schedule,Henderson and Webster counties,Same ordinary small-connection category traceable across endpoints,"Geographic, meter-size and special-category shares unavailable; no weights imputed",General retail benchmark across reported territory; all-account representation unverified,Retain,Other meter sizes and multi-unit/commercial/wholesale rules do not define this benchmark.,"Henderson, Webster",12,6150,sources/files/annual_22700_2019.pdf,49,sources/files/22700_tariff_fcc2d14e9958.pdf,1,"Henderson, Webster",12,6039,sources/files/annual_22700_2024.pdf,49,sources/files/22700_tariff_d6b567592029.pdf,1
23300,Hyden-Leslie County Water District,"District-wide reported year-end residential customers, PSC account 461.1; not population or household count",2019 not specified under Residential Rates; 2024 All Meters,"2019 residential (not commercial); 2024 general monthly water, phase 1","2019 heading blank; 2024 Clay, Leslie and Perry counties",Same ordinary small-connection category traceable across endpoints,"Geographic, meter-size and special-category shares unavailable; no weights imputed",General retail benchmark across reported territory; all-account representation unverified,Retain,"Select residential 2019 schedule, not commercial; 2024 All Meters includes ordinary residential category.","Clay, Leslie, Perry",12,3412,sources/files/annual_23300_2019.pdf,49,sources/files/23300_tariff_11dd55dc2e35.pdf,1,"Clay, Leslie, Perry",12,3372,sources/files/annual_23300_2024.pdf,49,sources/files/23300_tariff_937970da91da.pdf,1
24100,Laurel County Water District #2,"District-wide reported year-end residential customers, PSC account 461.1; not population or household count",5/8 inch,Meter-size retail schedule,Southern Laurel County and West Knox County,Same ordinary small-connection category traceable across endpoints,"Geographic, meter-size and special-category shares unavailable; no weights imputed",General retail benchmark across reported territory; all-account representation unverified,Retain,Other meter sizes and multi-unit/commercial/wholesale rules do not define this benchmark.,"Knox, Laurel",12,5717,sources/files/annual_24100_2019.pdf,49,sources/files/24100_tariff_04c6fe9f8521.pdf,1,"Knox, Laurel",12,5927,sources/files/annual_24100_2024.pdf,49,sources/files/24100_tariff_9c721271ce7a.pdf,26
24500,Lyon County Water District,"District-wide reported year-end residential customers, PSC account 461.1; not population or household count",5/8 x 3/4 inch,Meter-size retail schedule,Lyon County,Same ordinary small-connection category traceable across endpoints,"Geographic, meter-size and special-category shares unavailable; no weights imputed",General retail benchmark across reported territory; all-account representation unverified,Retain,Other meter sizes and multi-unit/commercial/wholesale rules do not define this benchmark.,Lyon,12,2587,sources/files/annual_24500_2019.pdf,49,sources/files/24500_tariff_3e2ef36d6243.pdf,1,Lyon,12,2779,sources/files/annual_24500_2024.pdf,49,sources/files/24500_tariff_f8966411cd4e.pdf,1
25605,Mountain Water District,"District-wide reported year-end residential customers, PSC account 461.1; not population or household count",2019 5/8 inch; 2024 5/8 x 3/4 inch,Single retail connection; excludes multiple-user master-meter and wholesale schedules,Entire service area / entire service territory,Same ordinary small-connection category traceable across endpoints,"Geographic, meter-size and special-category shares unavailable; no weights imputed",General retail benchmark across reported territory; all-account representation unverified,Retain,Other meter sizes and multi-unit/commercial/wholesale rules do not define this benchmark.,Pike,12,15583,sources/files/annual_25605_2019.pdf,49,sources/files/25605_tariff_451340cc55ad.pdf,3,Pike,12,15227,sources/files/annual_25605_2024.pdf,49,sources/files/25605_tariff_5221e9ce783f.pdf,2
26000,Muhlenberg County Water District #3,"District-wide reported year-end residential customers, PSC account 461.1; not population or household count",2019 unspecified; 2024 All Meters,General monthly retail; excludes wholesale,Northern Muhlenberg County tariff heading; annual-report territory is not established by heading,Same ordinary small-connection category traceable across endpoints,"Geographic, meter-size and special-category shares unavailable; no weights imputed",General retail benchmark across reported territory; all-account representation unverified,Retain,Other meter sizes and multi-unit/commercial/wholesale rules do not define this benchmark.,"McLean, Muhlenberg",12,2019,sources/files/annual_26000_2019.pdf,49,sources/files/26000_tariff_7435ff2a6a20.pdf,1,"McLean, Muhlenberg",12,1972,sources/files/annual_26000_2024.pdf,49,sources/files/26000_tariff_43200511eb39.pdf,2
26400,Nebo Water District,"District-wide reported year-end residential customers, PSC account 461.1; not population or household count",5/8 x 3/4 inch,Meter-size retail schedule,Hopkins County,Same ordinary small-connection category traceable across endpoints,"Geographic, meter-size and special-category shares unavailable; no weights imputed",General retail benchmark across reported territory; all-account representation unverified,Retain,Other meter sizes and multi-unit/commercial/wholesale rules do not define this benchmark.,Hopkins,12,1542,sources/files/annual_26400_2019.pdf,50,sources/files/26400_tariff_10cd243897f6.pdf,3,Hopkins,12,1574,sources/files/annual_26400_2024.pdf,49,sources/files/26400_tariff_20676a43c5d4.pdf,5
26900,North McLean County Water District,"District-wide reported year-end residential customers, PSC account 461.1; not population or household count",Not specified on monthly-rate sheet,General monthly retail schedule,McLean County,Same ordinary small-connection category traceable across endpoints,"Geographic, meter-size and special-category shares unavailable; no weights imputed",General retail benchmark across reported territory; all-account representation unverified,Retain,Other meter sizes and multi-unit/commercial/wholesale rules do not define this benchmark.,McLean,12,1275,sources/files/annual_26900_2019.pdf,49,sources/files/26900_tariff_3981c9f54088.pdf,1,McLean,12,1274,sources/files/annual_26900_2024.pdf,49,sources/files/26900_tariff_a660171d737d.pdf,1
27000,North Mercer Water District,"District-wide reported year-end residential customers, PSC account 461.1; not population or household count",2019 5/8 inch; 2024 5/8 x 3/4 inch,Meter-size retail; bulk loading excluded,"Mercer, Anderson, Washington and Boyle counties",Same ordinary small-connection category traceable across endpoints,"Geographic, meter-size and special-category shares unavailable; no weights imputed",General retail benchmark across reported territory; all-account representation unverified,Retain,Other meter sizes and multi-unit/commercial/wholesale rules do not define this benchmark.,"Anderson, Boyle, Mercer, Washington",12,4711,sources/files/annual_27000_2019.pdf,49,sources/files/27000_tariff_ce69a309c4c2.pdf,1,"Anderson, Boyle, Mercer, Washington",12,4465,sources/files/annual_27000_2024.pdf,49,sources/files/27000_tariff_6b59c07c9b72.pdf,3
28000,Pendleton County Water District,"District-wide reported year-end residential customers, PSC account 461.1; not population or household count",2019 5/8 x 3/4 through 2 inch; 2024 literally 5/8 x 3/8 through 2 inch,"General small-connection retail; school, industrial and wholesale schedules excluded",Pendleton County,Same ordinary small-connection category traceable across endpoints,"Geographic, meter-size and special-category shares unavailable; no weights imputed",General retail benchmark across reported territory; all-account representation unverified,Retain,Later connector label literally 5/8 x 3/8; no evidence of actual change in ordinary connection class.,"Campbell, Grant, Pendleton",12,2329,sources/files/annual_28000_2019.pdf,51,sources/files/28000_tariff_b5693885fe9c.pdf,1,"Campbell, Grant, Pendleton",12,2556,sources/files/annual_28000_2024.pdf,51,sources/files/28000_tariff_108d07391e46.pdf,1
28300,Powell's Valley Water District,"District-wide reported year-end residential customers, PSC account 461.1; not population or household count",2019 unspecified; 2024 5/8 x 3/4 inch,General retail small connection,"2019 Powell, Estill and Montgomery; 2024 Clay City and rural Powell County; heading change is not proof of boundary transfer",Same ordinary small-connection category traceable across endpoints,"Geographic, meter-size and special-category shares unavailable; no weights imputed",General retail benchmark across reported territory; all-account representation unverified,Retain,Shortened heading not established as boundary change; 2024 order and endpoint reports identify three counties.,"Estill, Montgomery, Powell",12,2215,sources/files/annual_28300_2019.pdf,49,sources/files/28300_tariff_c7d399d5ea3c.pdf,1,"Estill, Montgomery, Powell",12,2144,sources/files/annual_28300_2024.pdf,49,sources/files/28300_tariff_ea03a02bec38.pdf,6
29200,Sandy Hook Water District,"District-wide reported year-end residential customers, PSC account 461.1; not population or household count",5/8 x 3/4 inch,Meter-size retail schedule,Areas of Elliott and Morgan counties served by district,Same ordinary small-connection category traceable across endpoints,"Geographic, meter-size and special-category shares unavailable; no weights imputed",General retail benchmark across reported territory; all-account representation unverified,Retain,Other meter sizes and multi-unit/commercial/wholesale rules do not define this benchmark.,"Elliott, Morgan",12,1088,sources/files/annual_29200_2019.pdf,49,sources/files/29200_tariff_3afcfe484f1a.pdf,1,"Elliott, Morgan",12,1112,sources/files/annual_29200_2024.pdf,49,sources/files/29200_tariff_0e37a34cfb4f.pdf,1
29800,South Anderson Water District,"District-wide reported year-end residential customers, PSC account 461.1; not population or household count",Not differentiated on monthly-rate sheet,General monthly retail schedule; excludes bulk and wholesale,Anderson County,Same ordinary small-connection category traceable across endpoints,"Geographic, meter-size and special-category shares unavailable; no weights imputed",General retail benchmark across reported territory; all-account representation unverified,Retain,Other meter sizes and multi-unit/commercial/wholesale rules do not define this benchmark.,Anderson,12,2962,sources/files/annual_29800_2019.pdf,49,sources/files/29800_tariff_6e46e54a9606.pdf,5,Anderson,12,3156,sources/files/annual_29800_2024.pdf,49,sources/files/29800_tariff_6e46e54a9606.pdf,5
32500,Western Fleming County Water District,"District-wide reported year-end residential customers, PSC account 461.1; not population or household count","2019 5/8 x 3/4 inch, explicitly same rates for all sizes; 2024 all meter sizes",Single retail connection; multiple connections excluded,Western Fleming County,Same ordinary small-connection category traceable across endpoints,"Geographic, meter-size and special-category shares unavailable; no weights imputed",General retail benchmark across reported territory; all-account representation unverified,Retain,Other meter sizes and multi-unit/commercial/wholesale rules do not define this benchmark.,"Fleming, Mason, Nicholas, Robertson",12,1484,sources/files/annual_32500_2019.pdf,49,sources/files/32500_tariff_f1487687c05a.pdf,1,"Fleming, Mason, Nicholas, Robertson",12,1665,sources/files/annual_32500_2024.pdf,49,sources/files/32500_tariff_519816184979.pdf,5
7000300,Letcher County Water and Sewer District,"District-wide reported year-end residential customers, PSC account 461.1; not population or household count",Monthly rates not differentiated; connection-fee table specifies 5/8 x 3/4 inch,General monthly water schedule; connection fees excluded,Letcher district / entire service area,Same ordinary small-connection category traceable across endpoints,"Geographic, meter-size and special-category shares unavailable; no weights imputed",General retail benchmark across reported territory; all-account representation unverified,Retain,Other meter sizes and multi-unit/commercial/wholesale rules do not define this benchmark.,Letcher,12,2953,sources/files/annual_7000300_2019.pdf,49,sources/files/7000300_tariff_7d330b9d3749.pdf,1,Letcher,12,2920,sources/files/annual_7000300_2024.pdf,49,sources/files/7000300_tariff_3cfc52943296.pdf,6
