utility_id,utility_name,year,residential_start,residential_end,previous_end,previous_year,consecutive,start_previous_end_gap,annual_end_change_pct
18200,Allen County Water District,2020,5450.0,5487.0,5539.0,2019.0,True,-89.0,-0.938797616898357
18500,Barkley Lake Water District,2021,92.0,91.0,5434.0,2020.0,True,-5342.0,-98.32535885167464
18500,Barkley Lake Water District,2022,5503.0,5578.0,91.0,2021.0,True,5412.0,6029.67032967033
18500,Barkley Lake Water District,2023,5578.0,6313.0,5578.0,2022.0,True,0.0,13.176765865901752
18600,Bath County Water District,2023,3952.0,3924.0,4001.0,2022.0,True,-49.0,-1.9245188702824323
18600,Bath County Water District,2024,3952.0,4051.0,3924.0,2023.0,True,28.0,3.2364933741080515
18800,Big Sandy Water District,2022,4646.0,4725.0,4725.0,2021.0,True,-79.0,0.0
19201,Caldwell County Water District,2022,12.0,12.0,2092.0,2021.0,True,-2080.0,-99.4263862332696
19201,Caldwell County Water District,2023,2121.0,2181.0,12.0,2022.0,True,2109.0,18075.0
19201,Caldwell County Water District,2024,1942.0,1997.0,2181.0,2023.0,True,-239.0,-8.436497019715727
19500,Cannonsburg Water District,2023,3528.0,3454.0,3500.0,2022.0,True,28.0,-1.3142857142857123
19700,Christian County Water District,2020,4622.0,5732.0,4622.0,2019.0,True,0.0,24.015577672003463
20100,Crittenden-Livingston County Water District,2021,3575.0,3624.0,3609.0,2020.0,True,-34.0,0.41562759767248547
20100,Crittenden-Livingston County Water District,2024,3538.0,3691.0,3553.0,2023.0,True,-15.0,3.8840416549394963
20150,Cumberland County Water District,2020,2483.0,2748.0,2483.0,2019.0,True,0.0,10.67257349979862
20800,East Clark County Water District,2020,2513.0,2563.0,2497.0,2019.0,True,16.0,2.643171806167399
21000,East Laurel Water District,2024,5705.0,5760.0,5294.0,2023.0,True,411.0,8.80241783150737
21200,East Pendleton Water District,2023,2171.0,2407.0,2171.0,2022.0,True,0.0,10.87056655918932
21300,Edmonson County Water District,2020,10661.0,10940.0,10654.0,2019.0,True,7.0,2.6844377698516997
21400,Elkhorn Water District,2024,597.0,599.0,592.0,2023.0,True,5.0,1.1824324324324342
21900,Garrison-Quincy-Ky-O-Heights Water District,2020,1039.0,1018.0,1019.0,2019.0,True,20.0,-0.09813542688911214
21900,Garrison-Quincy-Ky-O-Heights Water District,2021,1026.0,1017.0,1018.0,2020.0,True,8.0,-0.09823182711198308
21900,Garrison-Quincy-Ky-O-Heights Water District,2022,1030.0,1038.0,1017.0,2021.0,True,13.0,2.0648967551622377
21900,Garrison-Quincy-Ky-O-Heights Water District,2023,1013.0,1021.0,1038.0,2022.0,True,-25.0,-1.6377649325626242
22000,Grayson County Water District,2022,6717.0,7536.0,6717.0,2021.0,True,0.0,12.192943278249224
22206700,Western Lewis-Rectorville Water and Gas District,2020,1988.0,2025.0,1998.0,2019.0,True,-10.0,1.3513513513513598
22300,Green-Taylor Water District,2023,5232.0,5290.0,5235.0,2022.0,True,-3.0,1.0506208213944657
22700,Henderson County Water District,2021,6189.0,6237.0,6197.0,2020.0,True,-8.0,0.6454736162659458
22700,Henderson County Water District,2022,6235.0,6244.0,6237.0,2021.0,True,-2.0,0.11223344556678949
23400,Jessamine County Water District #1,2021,1963.0,1963.0,1790.0,2020.0,True,173.0,9.664804469273736
23400,Jessamine County Water District #1,2024,2072.0,2128.0,2065.0,2023.0,True,7.0,3.050847457627115
23550,Jonathan Creek Water District,2021,2391.0,2636.0,2391.0,2020.0,True,0.0,10.246758678377255
23550,Jonathan Creek Water District,2024,2529.0,2551.0,2536.0,2023.0,True,-7.0,0.5914826498422787
24000,Larue County Water District #1,2021,3578.0,3711.0,3699.0,2020.0,True,-121.0,0.32441200324411223
24000,Larue County Water District #1,2023,3750.0,4163.0,3750.0,2022.0,True,0.0,11.013333333333343
24300,Jessamine-South Elkhorn Water District,2022,3049.0,3105.0,3097.0,2021.0,True,-48.0,0.2583144979011909
24300,Jessamine-South Elkhorn Water District,2024,3084.0,3121.0,3093.0,2023.0,True,-9.0,0.9052699644358286
24600,Magoffin County Water District,2021,3334.0,3500.0,3500.0,2020.0,True,-166.0,0.0
24600,Magoffin County Water District,2023,3500.0,3387.0,3387.0,2022.0,True,113.0,0.0
24600,Magoffin County Water District,2024,3500.0,3387.0,3387.0,2023.0,True,113.0,0.0
24700,Marion County Water District,2020,5892.0,5982.0,5903.0,2019.0,True,-11.0,1.3383025580213426
24700,Marion County Water District,2022,6090.0,6143.0,6082.0,2021.0,True,8.0,1.0029595527786928
25500,Monroe County Water District,2020,3325.0,3356.0,3328.0,2019.0,True,-3.0,0.8413461538461453
25603,Morgan County Water District,2024,2913.0,2912.0,2887.0,2023.0,True,26.0,0.8659508139937655
25605,Mountain Water District,2020,15585.0,15758.0,15583.0,2019.0,True,2.0,1.1230186741962411
25800,Muhlenberg County Water District,2023,5673.0,5678.0,5649.0,2022.0,True,24.0,0.5133651973800779
26600,North Hopkins Water District,2022,1376.0,1598.0,1376.0,2021.0,True,0.0,16.133720930232553
26600,North Hopkins Water District,2023,1598.0,1365.0,1598.0,2022.0,True,0.0,-14.58072590738423
26900,North McLean County Water District,2021,1275.0,1276.0,1278.0,2020.0,True,-3.0,-0.15649452269170805
27100,North Nelson Water District,2021,4724.0,4788.0,4722.0,2020.0,True,2.0,1.3977128335451061
27100,North Nelson Water District,2023,4857.0,4949.0,4846.0,2022.0,True,11.0,2.125464300453972
27100,North Nelson Water District,2024,4954.0,5000.0,4949.0,2023.0,True,5.0,1.0305112143867534
27300,Northeast Woodford County Water District,2020,1010.0,1013.0,1012.0,2019.0,True,-2.0,0.09881422924902239
27300,Northeast Woodford County Water District,2021,1011.0,1014.0,1013.0,2020.0,True,-2.0,0.09871668311944859
27300,Northeast Woodford County Water District,2022,1019.0,1027.0,1014.0,2021.0,True,5.0,1.2820512820512775
27300,Northeast Woodford County Water District,2023,1021.0,1025.0,1027.0,2022.0,True,-6.0,-0.19474196689386325
28600,Rattlesnake Ridge Water District,2024,4017.0,4027.0,4226.0,2023.0,True,-209.0,-4.708944628490297
30500,Daviess County Water District,2021,7251.0,12439.0,7251.0,2020.0,True,0.0,71.54875189629017
30600,Southern Madison Water District,2022,5375.0,5501.0,5222.0,2021.0,True,153.0,5.342780543852932
30600,Southern Madison Water District,2023,3442.0,3459.0,5501.0,2022.0,True,-2059.0,-37.120523541174336
30600,Southern Madison Water District,2024,5798.0,6958.0,3459.0,2023.0,True,2339.0,101.15640358485112
31200,Trimble County Water District #1,2022,1352.0,1209.0,1352.0,2021.0,True,0.0,-10.576923076923073
31400,Union County Water District,2024,2242.0,2261.0,2248.0,2023.0,True,-6.0,0.5782918149466187
31800,Webster County Water District,2020,1847.0,1973.0,1947.0,2019.0,True,-100.0,1.335387776065744
32300,West Shelby Water District,2021,2153.0,2480.0,2153.0,2020.0,True,0.0,15.188109614491395
32300,West Shelby Water District,2024,2393.0,2477.0,2469.0,2023.0,True,-76.0,0.3240178209801492
32700,Western Mason County Water District,2020,1140.0,1024.0,1140.0,2019.0,True,0.0,-10.175438596491226
32700,Western Mason County Water District,2024,1037.0,1145.0,1037.0,2023.0,True,0.0,10.414657666345217
32900,Whitley County Water District #1,2020,0.0,3689.0,3498.0,2019.0,True,-3498.0,5.4602630074328085
7000500,Western Pulaski County Water District,2020,8864.0,9055.0,8719.0,2019.0,True,145.0,3.853652941851138
