utility_id,year,residential_start,residential_end,source_file,pdf_page,sha256,row
19400,2019,2969,3055,sources/files/annual_19400_2019.pdf,49,6474a5a98c39c6cfd957ec3a5b191ff2448b2758c6dcef690d582ddce7929c72,Sales to Residential Customers (461.1)
19400,2024,3139,3170,sources/files/annual_19400_2024.pdf,49,920c92e2d9864d40828a24aa085698f994bb1c10eb7b0ba598197e5b26e46536,Sales to Residential Customers (461.1)
19900,2019,1124,1131,sources/files/annual_19900_2019.pdf,52,a106e4fd16891f39b00f0ac23d233cc6e815f0ab434e1e8b294c0045fed1c60a,Sales to Residential Customers (461.1)
19900,2024,1216,1236,sources/files/annual_19900_2024.pdf,49,cde7fa437eee0af277fea4e951f12f6ebeb379905aa8985a34143df2494d82d4,Sales to Residential Customers (461.1)
20200,2019,3275,3271,sources/files/annual_20200_2019.pdf,49,fc3545bdf5a2254f4ff3d87d12734fa3f7a95dc4ce8a4ad14335330c68f3952c,Sales to Residential Customers (461.1)
20200,2024,3515,3567,sources/files/annual_20200_2024.pdf,49,183019c7204f03636e61e116514aa617753fac23faeb6ee6734848c8374cdf35,Sales to Residential Customers (461.1)
21500,2019,3580,3527,sources/files/annual_21500_2019.pdf,49,34d8c2a180907c167456144e8901b676029597a79c31bd69b6c4318e233f2b03,Sales to Residential Customers (461.1)
21500,2024,3963,3648,sources/files/annual_21500_2024.pdf,49,a0e7b942c09a650365e1e57d5830b5cd54d11a2835e870dff033c519451d95ae,Sales to Residential Customers (461.1)
22500,2019,9424,9504,sources/files/annual_22500_2019.pdf,49,4cd07817a4ba79be332c91f9b362113b55dd7247cb62e26908efce346fd4bf9e,Sales to Residential Customers (461.1)
22500,2024,9708,9437,sources/files/annual_22500_2024.pdf,49,7b9b53c6f515b763914976d882e0e9ac83bcc3a912bb10f53988abd44d4574db,Sales to Residential Customers (461.1)
22700,2019,6146,6150,sources/files/annual_22700_2019.pdf,49,07533d889db7e73597f101893a9591d0482489e04b83b6067ee63b9b319b1504,Sales to Residential Customers (461.1)
22700,2024,6021,6039,sources/files/annual_22700_2024.pdf,49,ec1866eb4331aaad0ed2595aeabde55042ddf3cce202ec944edf35d97b946288,Sales to Residential Customers (461.1)
23300,2019,3442,3412,sources/files/annual_23300_2019.pdf,49,fd2788d5b36769df6f76f79c07b40983b5a6d8efa763bcf6c5f74519fd122398,Sales to Residential Customers (461.1)
23300,2024,3374,3372,sources/files/annual_23300_2024.pdf,49,adb377700ad0a375400874bba2598ab9c1fbc9f20843482d14c7292c9f3651d7,Sales to Residential Customers (461.1)
24100,2019,5661,5717,sources/files/annual_24100_2019.pdf,49,b325ea7c06ea70ed9bac0ac3f02bf35b789c649e8fd881d5d17764d8402e3531,Sales to Residential Customers (461.1)
24100,2024,5884,5927,sources/files/annual_24100_2024.pdf,49,d2f9278d494ac9018096a39e9db7c260b339cf6a55b720aabcb2c4d5de86056d,Sales to Residential Customers (461.1)
24500,2019,2566,2587,sources/files/annual_24500_2019.pdf,49,c5191b107fdb66164dde8fbb491884f77ba264aad12350d1128a8a5262241d92,Sales to Residential Customers (461.1)
24500,2024,2784,2779,sources/files/annual_24500_2024.pdf,49,e3e361c80c4af03add6678a0d0abea50cb38d81ee3dedfc0b49b2e666e76c82c,Sales to Residential Customers (461.1)
25605,2019,15678,15583,sources/files/annual_25605_2019.pdf,49,6ca957c6a1919270ccaa7dc0f782dff702dbf860ce6388ec81ce9824421ae02a,Sales to Residential Customers (461.1)
25605,2024,14945,15227,sources/files/annual_25605_2024.pdf,49,7619f0d50e73b0f0e4b9c2ed36b311c5bd0ee3815c90e0d532e5cf83e205ff70,Sales to Residential Customers (461.1)
26000,2019,2026,2019,sources/files/annual_26000_2019.pdf,49,f0a6d5bc12043014da07463f0e077aebde704c82b946ba0d906f0920758628c0,Sales to Residential Customers (461.1)
26000,2024,1975,1972,sources/files/annual_26000_2024.pdf,49,7d57003fae9e78c928abbab4f464a6b2b2618853470cf63eda86042ef1ba0f17,Sales to Residential Customers (461.1)
26400,2019,1531,1542,sources/files/annual_26400_2019.pdf,50,948a796189127e756e568a1aaa9663d26c950738b8dce29d58eb2a79a3b0f4fd,Sales to Residential Customers (461.1)
26400,2024,1558,1574,sources/files/annual_26400_2024.pdf,49,1023462c327bde1754616a6114307558db026ecf0127923720ff30bb4323804c,Sales to Residential Customers (461.1)
26900,2019,1280,1275,sources/files/annual_26900_2019.pdf,49,4526359dfd6b650c6b68ba786c54c9a430e2ed4a8aade7d6ffa085b99e6da6eb,Sales to Residential Customers (461.1)
26900,2024,1291,1274,sources/files/annual_26900_2024.pdf,49,a9df803f15c7a7492e3d82136adf043f8cf292e18f818c40533a638fac7ad15b,Sales to Residential Customers (461.1)
27000,2019,4844,4711,sources/files/annual_27000_2019.pdf,49,9e46d319fc630aa516d298b106ff499f5e6ac6438abfcad85c3fa175e4982092,Sales to Residential Customers (461.1)
27000,2024,4306,4465,sources/files/annual_27000_2024.pdf,49,18f69413c0d02e0fe5619b707f7202c455180453fcf13d73b7b5e708e8cb4baf,Sales to Residential Customers (461.1)
28000,2019,2294,2329,sources/files/annual_28000_2019.pdf,51,336ddea482561a39a24f2d643d5b023a1c04a867dbed8b00ffe06b7e80e0cd34,Sales to Residential Customers (461.1)
28000,2024,2522,2556,sources/files/annual_28000_2024.pdf,51,d2c2bf9f97951e04cdc69d8c9e4d7706b110cd6433959cf5998f2666633bb92e,Sales to Residential Customers (461.1)
28300,2019,2222,2215,sources/files/annual_28300_2019.pdf,49,07f8ca0ed750cd8847f8f9b787d012daed4ab90dbba57d766951e08c3117b858,Sales to Residential Customers (461.1)
28300,2024,2120,2144,sources/files/annual_28300_2024.pdf,49,dde05355e1e3acd159c547fb1c190bd834e4855e8c23d1d9d687223babdb6945,Sales to Residential Customers (461.1)
29200,2019,1102,1088,sources/files/annual_29200_2019.pdf,49,471dc9e56be85bfc7c3e43a1da9cf3f61d74b380a89b040cd90fbca93f4968a2,Sales to Residential Customers (461.1)
29200,2024,1114,1112,sources/files/annual_29200_2024.pdf,49,66123f911465c3875bda59ec2e47a02c72c8e42e4fe869d4f1e388aa6e7d5131,Sales to Residential Customers (461.1)
29800,2019,2914,2962,sources/files/annual_29800_2019.pdf,49,db23d6d8bd39c95fe17a021cdd4c6b0070676fc485b69628387fb033dc797e07,Sales to Residential Customers (461.1)
29800,2024,3106,3156,sources/files/annual_29800_2024.pdf,49,8dcb4841b81fbdc4801a5f54304291d4b13c98f69cce58472c8265b85427caed,Sales to Residential Customers (461.1)
32500,2019,1484,1484,sources/files/annual_32500_2019.pdf,49,3d6bfefb8a1ffd1018746e97b775c97b72de6ebe8cd196f03908a0535d6c1bf6,Sales to Residential Customers (461.1)
32500,2024,1546,1665,sources/files/annual_32500_2024.pdf,49,d14a2cbbc09168c3c581864da2cc416f66bcc4737fd0320e018c9352a30f4495,Sales to Residential Customers (461.1)
7000300,2019,2937,2953,sources/files/annual_7000300_2019.pdf,49,fbf3c4ad0c2ae99d07e7296a95b1f3e117634379256982ce96aa4c1e3a0d2838,Sales to Residential Customers (461.1)
7000300,2024,2926,2920,sources/files/annual_7000300_2024.pdf,49,d243599254fdc5b23faac702519060492b5942c40ec560d5e695f8841e50a67a,Sales to Residential Customers (461.1)
