utility_id,utility_name,merger_history_reported,mentions_2020_2024
18200,Allen County Water District,,False
18500,Barkley Lake Water District,,False
18600,Bath County Water District,,False
33200,"Beech Grove Water System, Inc.",,False
18800,Big Sandy Water District,,False
20000,Black Mountain Utility District,,False
18900,Boone County Water District,,False
19050,Bracken County Water District,"BRACKEN COUNTY WATER DISTRICT NO 1 AND WEST BRACKEN WATER DISTRICT | MERGED DECEMBER 27, 1995 BY ORDER OF THE PSC",False
7000700,Breathitt County Water District,,False
33500,"Bronston Water Association, Inc.",,False
33600,"Buffalo Trail Water Association, Inc.",,False
19200,Bullock Pen Water District,,False
33700,"Butler County Water System, Inc.",(1)KRS 273.29 Logansport-Dunbar 1978 (2)PSC Case No. 97-008 Rochester 1997 | (1) Logansport-Dunbar merger was a commission order dated 11/10/1977 - Case #6913 and Mr. Byrnes Fairchilds's letter dated 01/25/1978 (2) Rochester merger was in accordance with PSC Case No. 97-008 dated 06/16/1997,False
19201,Caldwell County Water District,,False
19500,Cannonsburg Water District,,False
19600,Carroll County Water District #1,,False
19650,Cawood Water District,,False
19700,Christian County Water District,,False
18100,Columbia/Adair Utilities District,,False
19900,Corinth Water District,,False
20100,Crittenden-Livingston County Water District,,False
20150,Cumberland County Water District,"Cumberland County Water District was formed by the merger of Marrowbone and South Cumberland Water Districts. Both Districts were organized with Kentucky laws and KRS Chapter 74 and were exempt from Federal income tax under section 501(c)(6) of the Internal Revenue Code. | The consolidation of Marrowbone and South Cumberland Water Districts was completed on November 29, 1995. The merger was approved by order entered on February 24, 1995. The Cumberland County Fiscal Court (by ordinance passed and adopted May 9, 1995) ratified the order of the Public Service Commission and established Cumberland County Water District with Chapter 74 of the Kentucky Revised Statutes. The merger passed and was adopted by and ordinance of the Cumberland County Water District on June 19, 1995",False
20200,Cumberland Falls Highway Water District,,False
30500,Daviess County Water District,"The Southeast Daviess Count Water District and the West Daviess County Water District were merged to form the Daviess County Water District effective January 1, 2021. The Southeast Daviess County Water District and West Daviess County Water District entered into a merger agreement on August 18, 2020. The Daviess County Fiscal Court approved the combining of the Districtsâ territories on December 3, 2020 (Executive Order 08-2020). The Public Service Commission approved the merger December 15, 2020 (Case No. 2020-287). | See above.",True
20600,Dexter-Almo Heights Water District,,False
20700,East Casey County Water District,,False
20800,East Clark County Water District,,False
33800,"East Daviess County Water Association, Inc.","The Hancock County Public Improvement Corporation's water system was merged with East Daviess County, Inc.'s water system. | The merger was approved by the Public Service Commission on June 30, 1989 (Case No. 89-135).",False
21000,East Laurel Water District,,False
21100,"East Logan Water District, Inc.",,False
21200,East Pendleton Water District,,False
21300,Edmonson County Water District,,False
21400,Elkhorn Water District,,False
21500,Estill County Water District #1,,False
21700,Farmdale Water District,NOT APPLICABLE | NOT APPLICABLE,False
34000,"Fleming County Water Association, Inc.",,False
21850,Gallatin County Water District,,False
34100,"Garrard County Water Association, Inc.",,False
21900,Garrison-Quincy-Ky-O-Heights Water District,,False
7001200,Graves County Water District,"GCWD was formed by consolidation of Consumers Water District, Fancy Farm Water District, South Graves Water District, and Hardeman Water District on September 1, 2008. The Hickory Water District merged January 1,2013. The Sedalia Water District merged May 1, 2016. | September 1, 2008, January 1, 2013, and May 1, 2016.",False
22000,Grayson County Water District,,False
22200,Green River Valley Water District,,False
22300,Green-Taylor Water District,,False
22500,Hardin County Water District #1,,False
22600,Hardin County Water District #2,,False
34200,"Harrison County Water Association, Inc.",,False
22700,Henderson County Water District,,False
23000,Henry County Water District #2,"MERGED HENRY COUNTY WATER DISTRICT #1 AND HENRY COUNTY WATER DISTRICT #2 | DECEMBER 20, 1985",False
23300,Hyden-Leslie County Water District,,False
34500,"Jackson County Water Association, Inc.",,False
23400,Jessamine County Water District #1,,False
24300,Jessamine-South Elkhorn Water District,,False
23550,Jonathan Creek Water District,,False
34650,"Judy Water Association, Inc.",,False
34700,"Kirksville Water Association, Inc.",,False
19400,Knott County Water & Sewer District,"Knott County Water and Sewer District was created by the Knott County Fiscal Court on February 10, 1999 to be governed by and operated under the rules and procedures in KRS chapter 74, relating to water districts and KRS chapter 220 relating to sanitation districts. The entity received operational activities and assets of the district formerly known as the Caney Creek Water District and has expanded its operational activities into areas in Knott County not previously served with potable water and sewer collection services.",False
7001000,Knox County Utility Commission,Knox County Utility Commission was created from a merger of East Knox Water District and Dewitt Water District | 01/01/2001,False
34800,"Lake Village Water Association, Inc.",,False
24000,Larue County Water District #1,,False
24100,Laurel County Water District #2,,False
24200,Ledbetter Water District,,False
7000300,Letcher County Water and Sewer District,,False
34900,"Levee Road Water Association, Inc.",,False
24500,Lyon County Water District,,False
7000100,Madison County Utilities District,"Madison County Utilities District was created by the merger of three former water districts: Kingston-Terrill, Waco, and White Hall. | The plan for merger was approved by the KY PSC on 08/29/1996 in case number 96-012.",False
24600,Magoffin County Water District,,False
24700,Marion County Water District,,False
25000,Martin County Water District,Martin County Water District Section A and Martin County Water District Section B | 8/31/1996,False
25200,McCreary County Water District,,False
25300,McKinney Water District,"McKinney Water District and McKinney Water Association, Inc. | 1992 PSC",False
25305,Meade County Water District,,False
25500,Monroe County Water District,,False
25603,Morgan County Water District,,False
25605,Mountain Water District,,False
25800,Muhlenberg County Water District,,False
26000,Muhlenberg County Water District #3,na | na,False
26400,Nebo Water District,,False
26600,North Hopkins Water District,,False
26700,North Logan Water District #1,,False
26800,North Marshall Water District,,False
26900,North McLean County Water District,,False
27000,North Mercer Water District,,False
27100,North Nelson Water District,,False
35400,North Shelby Water Company,,False
27300,Northeast Woodford County Water District,,False
7000200,Northern Kentucky Water District,"Kenton County Water District & Campbell County Water District | January 1, 1997",False
27500,Ohio County Water District,"Merger of Rough River Water System Inc. into Ohio County Water District | December 3, 1996 - Effective date February 26, 1997",False
27600,Oldham County Water District,OHIO RIVER OLDHAM COUNTY WATER DISTRICT AND OLDHAM COUNTY WATER DISTRICT NO. 3 | 7/1/1978,False
27800,Parksville Water District,,False
27900,Peaks Mill Water District,,False
28000,Pendleton County Water District,,False
28300,Powell's Valley Water District,,False
28600,Rattlesnake Ridge Water District,,False
28700,Reid Village Water District,,False
35800,"Rowan Water, Inc.",,False
29200,Sandy Hook Water District,,False
29500,Sharpsburg Water District,,False
29700,Simpson County Water District,,False
29800,South Anderson Water District,,False
36150,"South Eastern Water Association, Inc.",,False
30100,South Hopkins Water District,,False
36000,"South Logan Water Association, Inc.",,False
30400,South Woodford Water District,,False
30600,Southern Madison Water District,,False
7000900,Southern Water & Sewer District,,False
31100,Todd County Water District,,False
31200,Trimble County Water District #1,,False
31500,"U.S. 60 Water District of Shelby and Franklin Counties, KY",,False
31400,Union County Water District,,False
31700,Warren County Water District,Richardsville-PSC 4927 (1967)/Northside-KRS74.361-PSC5909(1973)/Westside-KRS 74.1200-PSC5909(1973)/Morgantown Road-PSC7186(1979)/Smiths Grove-PSC 7674(1980) | See Above,False
31800,Webster County Water District,,False
32300,West Shelby Water District,,False
32500,Western Fleming County Water District,,False
22206700,Western Lewis-Rectorville Water and Gas District,,False
32700,Western Mason County Water District,,False
7000500,Western Pulaski County Water District,,False
36400,"Western Rockcastle Water Association, Inc.",,False
32900,Whitley County Water District #1,,False
