utility_id,2019,2024,customer_change_pct,utility_name,district_name_flag,counties_reported,operating_margin_pct_2019,operating_revenue_2019,full_operating_expenses_2019,arc_group_2019,counties_reported_2019,operating_margin_pct_2024,operating_revenue_2024,full_operating_expenses_2024,arc_group_2024,counties_reported_2024,county_set_changed,documented_in_window_merger,screening_status,margin_change_pp,material_customer_flag,years_observed,conservative_screen_pass,selected_for_tariffs,price_status,main_eligible,max_abs_annual_pct,max_abs_gap_pct,years,original_stratum,decision_reasons,charge_inclusive_bill_or_scenario_2019,charge_inclusive_bill_or_scenario_2024,pct
18500,5423.0,6519.0,20.21021574774111,Barkley Lake Water District,True,Trigg,-6.542375850052648,2454995.0,2615610.0,no ARC,Caldwell | Christian | Trigg,19.81330803250596,3354831.0,2690128.0,no ARC,Trigg,True,False,candidate: further boundary/legal verification required,26.355683882558605,True,6,False,True,supported,False,6029.67032967033,5947.252747252747,6,nondeclining,county-set change; annual end change >10%; start/prior-end discrepancy >1%,34.39,41.74,21.372492003489384
19200,6790.0,7196.0,5.97938144329897,Bullock Pen Water District,True,Boone | Gallatin | Grant | Kenton | Pendleton,2.019919391134492,4363788.0,4275643.0,no ARC,Boone | Gallatin | Grant | Kenton | Pendleton,14.916311421991956,5372119.0,4570797.0,no ARC,Boone | Gallatin | Grant | Kenton | Pendleton,False,False,candidate: further boundary/legal verification required,12.896392030857465,False,6,True,True,excluded: geographic extension surcharges,False,1.988217967599404,0.0,6,nondeclining,excluded: geographic extension surcharges,,,
19201,2065.0,1997.0,-3.2929782082324444,Caldwell County Water District,True,Caldwell,18.65060766335124,1348444.0,1096951.0,no ARC,Caldwell,11.23992667053327,1715545.0,1522719.0,no ARC,Caldwell,False,False,candidate: further boundary/legal verification required,-7.410680992817971,True,6,False,True,supported,False,18075.0,17575.0,6,declining,annual end change >10%; start/prior-end discrepancy >1%,64.29,77.66,20.79639135168765
19400,3055.0,3170.0,3.764320785597386,Knott County Water & Sewer District,True,Knott,-54.33888876906846,2179187.0,3363333.0,all ARC,Knott,-27.70643865565256,3760754.0,4802725.0,all ARC,Knott,False,False,candidate: further boundary/legal verification required,26.6324501134159,False,6,True,True,regional,False,3.610467042066912,0.0,6,nondeclining,regional,29.51,49.8,68.75635377838019
19900,1131.0,1236.0,9.283819628647215,Corinth Water District,True,Grant | Harrison | Pendleton,14.076050072905398,744115.0,639373.0,no ARC,Grant | Harrison | Pendleton,9.295829662481983,931891.0,845264.0,no ARC,Grant | Harrison | Pendleton,False,False,candidate: further boundary/legal verification required,-4.7802204104234125,False,6,True,True,supported,True,3.006189213085775,0.0,6,nondeclining,included,58.81,66.7,13.416085699710933
20200,3271.0,3567.0,9.049220421889338,Cumberland Falls Highway Water District,True,Whitley,14.858115286673655,2034962.0,1732605.0,all ARC,Whitley,8.58047096214833,2160301.0,1974937.0,all ARC,Whitley,False,False,candidate: further boundary/legal verification required,-6.277644324525326,False,6,True,True,supported,True,3.118312442678084,0.0,6,nondeclining,included,47.4,47.4,0.0
21200,2005.0,2490.0,24.189526184538646,East Pendleton Water District,True,Bracken | Campbell | Harrison | Pendleton,3.480891386396332,1155997.0,1115758.0,no ARC,Bracken | Campbell | Harrison | Pendleton,8.019167794718681,1228519.0,1130002.0,no ARC,Bracken | Campbell | Harrison | Pendleton,False,False,candidate: further boundary/legal verification required,4.53827640832235,True,6,False,True,supported,False,10.87056655918932,0.0,6,nondeclining,annual end change >10%,46.41,46.41,0.0
21500,3527.0,3648.0,3.43067762971363,Estill County Water District #1,True,Estill,-9.120753403080595,1990329.0,2171862.0,all ARC,Estill,2.843188687981156,2272132.0,2207531.0,all ARC,Estill,False,False,candidate: further boundary/legal verification required,11.963942091061751,False,6,True,True,supported,True,9.23373759647188,0.0,6,nondeclining,included,46.18,53.59,16.045907319185805
21900,1019.0,1023.0,0.3925417075564263,Garrison-Quincy-Ky-O-Heights Water District,True,Lewis,-26.700333003988728,546540.0,692468.0,all ARC,Lewis,7.312164197314045,643421.0,596373.0,all ARC,Lewis,False,False,candidate: further boundary/legal verification required,34.01249720130277,True,6,False,True,regional,False,2.0648967551622377,2.4084778420038537,6,nondeclining,start/prior-end discrepancy >1%; regional,36.6,51.62,41.03825136612021
22500,9504.0,9437.0,-0.7049663299663278,Hardin County Water District #1,True,Breckinridge | Hardin | Meade,2.102355589664984,9497537.0,9297865.0,no ARC,Breckinridge | Hardin | Meade,14.234116511115232,11419374.0,9793927.0,no ARC,Breckinridge | Hardin | Meade,False,False,candidate: further boundary/legal verification required,12.131760921450248,False,6,True,True,supported,True,2.79151215492377,0.0,6,declining,included,27.16,38.64,42.26804123711341
22700,6150.0,6039.0,-1.8048780487804887,Henderson County Water District,True,Henderson | Webster,5.171631909341572,3192996.0,3027866.0,no ARC,Henderson | Webster,-2.955561995910523,3743755.0,3854404.0,no ARC,Henderson | Webster,False,False,candidate: further boundary/legal verification required,-8.127193905252094,False,6,True,True,supported,True,3.57142857142857,0.12909472325318702,6,declining,included,35.14,40.56,15.424018212862833
23000,6858.0,6669.0,-2.7559055118110187,Henry County Water District #2,True,Carroll | Henry | Oldham | Shelby | Trimble,3.509577829853714,3604992.0,3478472.0,no ARC,Carroll | Henry | Oldham | Shelby | Trimble,26.357925860793028,4703773.0,3463956.0,no ARC,Carroll | Henry | Oldham | Shelby | Trimble,False,False,candidate: further boundary/legal verification required,22.84834803093932,False,5,False,True,supported,False,7.781684757682306,0.0,5,declining,incomplete annual reports,37.47,37.47,0.0
23300,3412.0,3372.0,-1.1723329425556872,Hyden-Leslie County Water District,True,Clay | Leslie | Perry,-53.71141612436331,1533121.0,2356582.0,all ARC,Clay | Leslie | Perry,-30.724383075635792,2448801.0,3201180.0,all ARC,Clay | Leslie | Perry,False,False,candidate: further boundary/legal verification required,22.98703304872752,False,6,True,True,supported,True,1.6613232293791858,0.0,6,declining,included,31.48,58.81,86.81702668360865
24100,5717.0,5927.0,3.673255203778214,Laurel County Water District #2,True,Knox | Laurel,-14.196048542446746,2437784.0,2783853.0,all ARC,Knox | Laurel,3.9055199521595134,3257492.0,3130270.0,all ARC,Knox | Laurel,False,False,candidate: further boundary/legal verification required,18.101568494606266,False,6,True,True,supported,True,2.67622879132412,0.0,6,nondeclining,included,25.08,32.58,29.904306220095698
24500,2587.0,2779.0,7.421724004638586,Lyon County Water District,True,Lyon,-11.674361419180007,1195620.0,1335201.0,no ARC,Lyon,0.607732854093067,1527974.0,1518688.0,no ARC,Lyon,False,False,candidate: further boundary/legal verification required,12.282094273273074,False,6,True,True,supported,True,5.094130675526021,0.0,6,nondeclining,included,46.24,57.45,24.243079584775096
25000,3417.0,3057.0,-10.535557506584723,Martin County Water District,True,Martin,-27.12440215603411,2529088.0,3215088.0,all ARC,Martin,-21.64683679979988,3158115.0,3841747.0,all ARC,Martin,False,False,candidate: further boundary/legal verification required,5.47756535623423,False,6,True,True,conditional,False,5.609756097560981,0.0,6,declining,conditional,57.53,69.75,21.241091604380323
25605,15583.0,15227.0,-2.2845408457934924,Mountain Water District,True,Pike,-28.02055581762309,8502897.0,10885456.0,all ARC,Pike,-19.45463048745985,10218503.0,12206475.0,all ARC,Pike,False,False,candidate: further boundary/legal verification required,8.565925330163243,False,6,True,True,supported,True,3.822639809511552,0.012834499133671308,6,declining,included,39.71,56.63,42.6089146310753
26000,2019.0,1972.0,-2.3278850916295224,Muhlenberg County Water District #3,True,McLean | Muhlenberg,-9.47815477067096,1215437.0,1330638.0,no ARC,McLean | Muhlenberg,4.4034525599947685,1529300.0,1461958.0,no ARC,McLean | Muhlenberg,False,False,candidate: further boundary/legal verification required,13.881607330665728,False,6,True,True,supported,True,2.0740740740740726,0.0,6,declining,included,39.67,49.63,25.10713385429797
26400,1542.0,1574.0,2.075226977950706,Nebo Water District,True,Hopkins,0.3364466723975286,931797.0,928662.0,no ARC,Hopkins,2.0744503198308704,1179686.0,1155214.0,no ARC,Hopkins,False,False,candidate: further boundary/legal verification required,1.7380036474333418,False,6,True,True,supported,True,1.0269576379974277,0.0,6,nondeclining,included,42.29,54.41,28.659257507685034
26600,1356.0,1342.0,-1.0324483775811188,North Hopkins Water District,True,Hopkins,16.52636985214798,1008576.0,841895.0,no ARC,Hopkins,8.866210180105133,1114016.0,1015245.0,no ARC,Hopkins,False,False,candidate: further boundary/legal verification required,-7.660159672042846,True,6,False,True,supported,False,16.133720930232553,0.0,6,declining,annual end change >10%,65.52,65.52,0.0
26900,1275.0,1274.0,-0.0784313725490148,North McLean County Water District,True,McLean,1.0249602033561311,794665.0,786520.0,no ARC,McLean,-2.152138021042712,1069634.0,1092654.0,no ARC,McLean,False,False,candidate: further boundary/legal verification required,-3.177098224398843,False,6,True,True,supported,True,1.3168086754453912,0.2347417840375587,6,declining,included,31.68,42.73,34.8800505050505
27000,4711.0,4465.0,-5.221821269369564,North Mercer Water District,True,Anderson | Boyle | Mercer | Washington,3.4332188160785018,2436023.0,2352389.0,no ARC,Anderson | Boyle | Mercer | Washington,12.91702649254962,3274732.0,2851734.0,no ARC,Anderson | Boyle | Mercer | Washington,False,False,candidate: further boundary/legal verification required,9.483807676471116,False,6,True,True,supported,True,6.219486308639355,0.0,6,declining,included,41.29,55.3,33.93073383385807
28000,2329.0,2556.0,9.746672391584376,Pendleton County Water District,True,Campbell | Grant | Pendleton,-14.6335959534205,1387048.0,1590023.0,no ARC,Campbell | Grant | Pendleton,5.03536153984816,1708636.0,1622600.0,no ARC,Campbell | Grant | Pendleton,False,False,candidate: further boundary/legal verification required,19.66895749326866,False,6,True,True,supported,True,2.576212966938596,0.0,6,nondeclining,included,42.07,47.94,13.952935583551218
28300,2215.0,2144.0,-3.205417607223471,Powell's Valley Water District,True,Estill | Montgomery | Powell,-10.057152033054455,1295317.0,1425589.0,all ARC,Estill | Montgomery | Powell,0.8569238671518272,1621731.0,1607834.0,all ARC,Estill | Montgomery | Powell,False,False,candidate: further boundary/legal verification required,10.914075900206283,False,6,True,True,supported,True,7.906168549087744,0.0,6,declining,included,43.34,48.71,12.390401476695878
28600,4079.0,4027.0,-1.274822260357933,Rattlesnake Ridge Water District,True,Carter | Elliott | Lawrence | Lewis | Morgan,-17.187880814385494,2691600.0,3154229.0,all ARC,Carter | Elliott | Lawrence | Lewis | Morgan,9.99802464042679,3548721.0,3193919.0,all ARC,Carter | Elliott | Lawrence | Lewis | Morgan,False,False,candidate: further boundary/legal verification required,27.18590545481229,True,6,False,True,conditional,False,4.708944628490297,4.94557501183152,6,declining,start/prior-end discrepancy >1%; conditional,62.52,75.79,21.2252079334613
29200,1088.0,1112.0,2.2058823529411686,Sandy Hook Water District,True,Elliott | Morgan,-22.23537115492336,760518.0,929622.0,all ARC,Elliott | Morgan,17.595685094907168,1012305.0,834183.0,all ARC,Elliott | Morgan,False,False,candidate: further boundary/legal verification required,39.831056249830525,False,6,True,True,supported,True,3.743315508021394,0.0,6,nondeclining,included,50.95,66.24,30.009813542688903
29800,2962.0,3156.0,6.549628629304527,South Anderson Water District,True,Anderson,3.8088715716437607,1734687.0,1668615.0,no ARC,Anderson,3.698509626344678,2052908.0,1976981.0,no ARC,Anderson,False,False,candidate: further boundary/legal verification required,-0.1103619452990827,False,6,True,True,supported,True,1.89061444969616,0.0,6,nondeclining,included,39.99,39.99,0.0
30600,5222.0,6958.0,33.24396782841823,Southern Madison Water District,True,Garrard | Madison,-7.176127345340684,1849145.0,1981842.0,all ARC,Madison | Garrard,8.471478607762858,2514744.0,2301708.0,all ARC,Garrard | Madison,False,False,candidate: further boundary/legal verification required,15.647605953103543,True,6,False,True,conditional,False,101.15640358485112,67.62069962416884,6,nondeclining,annual end change >10%; start/prior-end discrepancy >1%; conditional,26.4,33.95,28.598484848484862
31200,1323.0,1271.0,-3.9304610733182144,Trimble County Water District #1,True,Trimble,10.771911429881143,789702.0,704636.0,no ARC,Trimble,-20.73979569544815,801059.0,967197.0,no ARC,Trimble,False,False,candidate: further boundary/legal verification required,-31.51170712532929,True,6,False,True,supported,False,10.576923076923071,0.0,6,declining,annual end change >10%,37.8,37.8,0.0
31400,2216.0,2261.0,2.030685920577624,Union County Water District,True,Union,-15.123685247843156,1681971.0,1936347.0,no ARC,Union,6.775951120017442,2687726.0,2505607.0,no ARC,Union,False,False,candidate: further boundary/legal verification required,21.8996363678606,False,6,True,True,conditional,False,2.3465703971119023,0.2669039145907473,6,nondeclining,conditional,25.37,35.88,41.42688214426489
31800,1947.0,1945.0,-0.1027221366204367,Webster County Water District,True,Webster,-15.83642827627216,1587536.0,1838945.0,no ARC,Webster,-57.78636468218823,1903674.0,3003738.0,no ARC,Webster,False,False,candidate: further boundary/legal verification required,-41.94993640591607,True,6,False,True,supported,False,1.335387776065744,5.136106831022086,6,declining,start/prior-end discrepancy >1%,33.4,33.4,0.0
32500,1484.0,1665.0,12.196765498652296,Western Fleming County Water District,True,Fleming | Mason | Nicholas | Robertson,-10.859325927774288,1162190.0,1288396.0,mixed ARC/non-ARC,Fleming | Mason | Nicholas | Robertson,-15.918013978729244,1420730.0,1646882.0,mixed ARC/non-ARC,Fleming | Mason | Nicholas | Robertson,False,False,candidate: further boundary/legal verification required,-5.058688050954958,False,6,True,True,supported,True,7.697283311772307,0.0,6,nondeclining,included,41.23,52.12,26.41280620907107
7000300,2953.0,2920.0,-1.1175076193701283,Letcher County Water and Sewer District,True,Letcher,-55.16444432471431,1423943.03,2209453.29,all ARC,Letcher,-57.91670599487869,1601055.92,2528334.77,all ARC,Letcher,False,False,candidate: further boundary/legal verification required,-2.75226167016438,False,6,True,True,supported,True,1.620906384386367,0.0,6,declining,included,42.5,53.16,25.082352941176467
7000900,5348.0,5209.0,-2.599102468212411,Southern Water & Sewer District,True,Floyd,5.755714479456684,3915361.0,3690004.0,all ARC,Floyd | Knott,-15.484062900548496,3606773.0,4165248.0,all ARC,Floyd,True,False,candidate: further boundary/legal verification required,-21.23977738000518,False,6,False,True,excluded: meter installation transition plus boundary change,False,4.827837493168152,0.0,6,declining,county-set change; excluded: meter installation transition plus boundary change,,,
