utility_id,year,base_schedule_effective_date,minimum,included_gallons,applied_extra,extra_per_1000,source_url,pdf_page,source_sha256,meter_size,customer_category,territory,applicable_blocks_per_1000,source_file,surcharge_evidence,verification,notes,correction,base_2000,total_2000,base_4000,total_4000,base_6000,total_6000,component_date_note,printed_extra_note
29800,2019,2018-09-01,20.17,2000,0.0,0,"https://psc.ky.gov/tariffs/Water/Districts,%20Associations,%20%26%20Privately%20Owned/South%20Anderson%20Water%20District/Tariff.pdf",5,d0ecaf83ed0f4362bc81835cc1c0aa61b90d45e3008508e497d325b9e08ac47e,Not differentiated on monthly-rate sheet,General monthly retail schedule; excludes bulk and wholesale,Anderson County,"[[3000, ""9.91""], [5000, ""7.66""]]",sources/files/29800_tariff_6e46e54a9606.pdf,"No additional recurring charge coded in reviewed archived evidence; zero is a benchmark coding decision, not proof about every actual invoice.","Original archived PDF page visually read and rates checked; single-assistant review, not independent human double-coding",,False,20.17,20.17,39.99,39.99,57.56,57.56,Base date applies to selected volume schedule; see surcharge_evidence and notes for independently effective components.,"See source and surcharge_evidence; applied_extra is the endpoint component after applicability review, not a literal transcription of every printed surcharge."
29800,2024,2018-09-01,20.17,2000,0.0,0,"https://psc.ky.gov/tariffs/Water/Districts,%20Associations,%20%26%20Privately%20Owned/South%20Anderson%20Water%20District/Tariff.pdf",5,d0ecaf83ed0f4362bc81835cc1c0aa61b90d45e3008508e497d325b9e08ac47e,Not differentiated on monthly-rate sheet,General monthly retail schedule; excludes bulk and wholesale,Anderson County,"[[3000, ""9.91""], [5000, ""7.66""]]",sources/files/29800_tariff_6e46e54a9606.pdf,"No additional recurring charge coded in reviewed archived evidence; zero is a benchmark coding decision, not proof about every actual invoice.","Original archived PDF page visually read and rates checked; single-assistant review, not independent human double-coding",,False,20.17,20.17,39.99,39.99,57.56,57.56,Base date applies to selected volume schedule; see surcharge_evidence and notes for independently effective components.,"See source and surcharge_evidence; applied_extra is the endpoint component after applicability review, not a literal transcription of every printed surcharge."
7000300,2019,2017-11-21,27.5,2000,0.0,0,"https://psc.ky.gov/tariffs/Water/Districts,%20Associations,%20&%20Privately%20Owned/Letcher%20County%20Water%20and%20Sewer%20District/Cancelled%20Tariff%20Pages/2020/Rates%20and%20Charges/02-26.pdf",1,321ef5ad658edfe45102ba734454d5018a4474c7096eb9a7ea112a9f1e417ded,Monthly rates not differentiated; connection-fee table specifies 5/8 x 3/4 inch,General monthly water schedule; connection fees excluded,Letcher district / entire service area,"[[null, ""7.50""]]",sources/files/7000300_tariff_7d330b9d3749.pdf,"No additional recurring charge coded in reviewed archived evidence; zero is a benchmark coding decision, not proof about every actual invoice.","Original archived PDF page visually read and rates checked; single-assistant review, not independent human double-coding",,False,27.5,27.5,42.5,42.5,57.5,57.5,Base date applies to selected volume schedule; see surcharge_evidence and notes for independently effective components.,"See source and surcharge_evidence; applied_extra is the endpoint component after applicability review, not a literal transcription of every printed surcharge."
7000300,2024,2023-11-17,34.18,2000,0.0,0,"https://psc.ky.gov/tariffs/Water/Districts,%20Associations,%20%26%20Privately%20Owned/Letcher%20County%20Water%20and%20Sewer%20District/Tariff.pdf",6,65481dafa4d5cddfa9c8d9354173c7deb41ab84c85ccb0abe096ebab15ebf36a,Monthly rates not differentiated; connection-fee table specifies 5/8 x 3/4 inch,General monthly water schedule; connection fees excluded,Letcher district / entire service area,"[[null, ""9.49""]]",sources/files/7000300_tariff_3cfc52943296.pdf,"No additional recurring charge coded in reviewed archived evidence; zero is a benchmark coding decision, not proof about every actual invoice.","Original archived PDF page visually read and rates checked; single-assistant review, not independent human double-coding",,False,34.18,34.18,53.16,53.16,72.14,72.14,Base date applies to selected volume schedule; see surcharge_evidence and notes for independently effective components.,"See source and surcharge_evidence; applied_extra is the endpoint component after applicability review, not a literal transcription of every printed surcharge."
19900,2019,2017-08-01,18.34,1000,0.0,0,"https://psc.ky.gov/tariffs/Water/Districts,%20Associations,%20%26%20Privately%20Owned/Corinth%20Water%20District/Cancelled%20Tariff%20Pages/2020/Monthly%20Rates/05-15.pdf",1,28d9dc89808ee4d3b34ea03180d9896014ce68ab16cf5e8d6e18f4b51d8bf14f,Not specified on monthly-rate sheet,General monthly retail; excludes truck loading and purchased-water line,Corinth / entire service area,"[[4000, ""13.49""], [5000, ""12.07""]]",sources/files/19900_tariff_8fbce623fb4c.pdf,"No additional recurring charge coded in reviewed archived evidence; zero is a benchmark coding decision, not proof about every actual invoice.","Original archived PDF page visually read and rates checked; single-assistant review, not independent human double-coding",,False,31.83,31.83,58.81,58.81,84.37,84.37,Base date applies to selected volume schedule; see surcharge_evidence and notes for independently effective components.,"See source and surcharge_evidence; applied_extra is the endpoint component after applicability review, not a literal transcription of every printed surcharge."
19900,2024,2022-05-25,20.71,1000,0.0,0,"https://psc.ky.gov/tariffs/Water/Districts,%20Associations,%20%26%20Privately%20Owned/Corinth%20Water%20District/Tariff.pdf",3,e9ab4b58bc5159a3b116d705ecda634d44af1f872adc460a21ea65561268d909,Not specified on monthly-rate sheet,General monthly retail; excludes truck loading and purchased-water line,Corinth / entire service area,"[[4000, ""15.33""], [5000, ""13.75""]]",sources/files/19900_tariff_a4666e1e3ef0.pdf,"No additional recurring charge coded in reviewed archived evidence; zero is a benchmark coding decision, not proof about every actual invoice.","Original archived PDF page visually read and rates checked; single-assistant review, not independent human double-coding",,False,36.04,36.04,66.7,66.7,95.78,95.78,Base date applies to selected volume schedule; see surcharge_evidence and notes for independently effective components.,"See source and surcharge_evidence; applied_extra is the endpoint component after applicability review, not a literal transcription of every printed surcharge."
22700,2019,2019-03-31,20.26,2000,0.0,0,"https://psc.ky.gov/tariffs/Water/Districts,%20Associations,%20%26%20Privately%20Owned/Henderson%20County%20Water%20District/Cancelled%20Tariff%20Pages/2020/Monthly%20Water%20Rates/03-31.pdf",1,3590060f5a61e0e7a9eaf887d9ab72eb0f70049e29cef97bfed762f46807baab,5/8 x 3/4 inch,Meter-size retail schedule,Henderson and Webster counties,"[[8000, ""7.44""]]",sources/files/22700_tariff_fcc2d14e9958.pdf,"No additional recurring charge coded in reviewed archived evidence; zero is a benchmark coding decision, not proof about every actual invoice.","Original archived PDF page visually read and rates checked; single-assistant review, not independent human double-coding",,False,20.26,20.26,35.14,35.14,50.02,50.02,Base date applies to selected volume schedule; see surcharge_evidence and notes for independently effective components.,"See source and surcharge_evidence; applied_extra is the endpoint component after applicability review, not a literal transcription of every printed surcharge."
22700,2024,2024-01-01,22.23,2000,1.87,0,"https://psc.ky.gov/tariffs/Water/Districts,%20Associations,%20%26%20Privately%20Owned/Henderson%20County%20Water%20District/Cancelled%20Tariff%20Pages/2025/Monthly%20Water%20Rates/05-01.pdf",1,a968f3681343b9839d318ebbcc4e1df010ae0492e6a688490380edcb421fb8cd,5/8 x 3/4 inch,Meter-size retail schedule,Henderson and Webster counties,"[[8000, ""8.23""]]",sources/files/22700_tariff_d6b567592029.pdf,"Henderson compiled tariff PDF p3: $1.87/meter/month, 48 months or $584220; February 2024 reported first billing (separate report).","Original archived PDF page visually read and rates checked; single-assistant review, not independent human double-coding",,False,22.23,24.1,38.69,40.56,55.15,57.02,Base date applies to selected volume schedule; see surcharge_evidence and notes for independently effective components.,"See source and surcharge_evidence; applied_extra is the endpoint component after applicability review, not a literal transcription of every printed surcharge."
28300,2019,2017-10-26,23.22,2000,0.0,0,"https://psc.ky.gov/tariffs/Water/Districts,%20Associations,%20%26%20Privately%20Owned/Powells%20Valley%20Water%20District/Cancelled%20Tariff%20Pages/2023/Monthly%20Rates/1-26.pdf",1,a982a6941de0d28ae76d297c5719d8026dca0d7a0ffa6b00b104861b2abd7c8d,2019 unspecified; 2024 5/8 x 3/4 inch,General retail small connection,"2019 Powell, Estill and Montgomery; 2024 Clay City and rural Powell County; heading change is not proof of boundary transfer","[[2000, ""10.06""], [2000, ""9.07""]]",sources/files/28300_tariff_c7d399d5ea3c.pdf,"No additional recurring charge coded in reviewed archived evidence; zero is a benchmark coding decision, not proof about every actual invoice.","Original archived PDF page visually read and rates checked; single-assistant review, not independent human double-coding","Territory headings differ; county-set screen cannot establish unchanged geographic coverage. Retain schedule-specific benchmark with geographic limitation, not all-customer price.",False,23.22,23.22,43.34,43.34,61.48,61.48,Base date applies to selected volume schedule; see surcharge_evidence and notes for independently effective components.,"See source and surcharge_evidence; applied_extra is the endpoint component after applicability review, not a literal transcription of every printed surcharge."
28300,2024,2024-12-09,24.77,2000,2.28,0,"https://psc.ky.gov/tariffs/Water/Districts,%20Associations,%20%26%20Privately%20Owned/Powells%20Valley%20Water%20District/Tariff.pdf",6,d0d082dabb5b7806c552836eec45a6f845eb14fcc13c7bc126cc5deba34ff913,2019 unspecified; 2024 5/8 x 3/4 inch,General retail small connection,"2019 Powell, Estill and Montgomery; 2024 Clay City and rural Powell County; heading change is not proof of boundary transfer","[[2000, ""10.83""], [2000, ""9.84""]]",sources/files/28300_tariff_ea03a02bec38.pdf,Same rate page: $2.28/customer/month water-loss surcharge effective 2024-12-09; first invoice unknown.,"Original archived PDF page visually read and rates checked; single-assistant review, not independent human double-coding","Territory headings differ; county-set screen cannot establish unchanged geographic coverage. Retain schedule-specific benchmark with geographic limitation, not all-customer price.",False,24.77,27.05,46.43,48.71,66.11,68.39,Base date applies to selected volume schedule; see surcharge_evidence and notes for independently effective components.,"See source and surcharge_evidence; applied_extra is the endpoint component after applicability review, not a literal transcription of every printed surcharge."
25605,2019,2017-10-10,23.35,2000,0.0,0,"https://psc.ky.gov/tariffs/Water/Districts,%20Associations,%20%26%20Privately%20Owned/Mountain%20Water%20District/Cancelled%20Tariff%20Pages/2020/Monthly%20Water%20Rates/02-28.pdf",3,292063e951c4f2c5ecbc9981676ac34f96fdb6cec34babcd4c919f0fba2b375b,2019 5/8 inch; 2024 5/8 x 3/4 inch,Single retail connection; excludes multiple-user master-meter and wholesale schedules,Entire service area / entire service territory,"[[8000, ""8.18""]]",sources/files/25605_tariff_451340cc55ad.pdf,"No additional recurring charge coded in reviewed archived evidence; zero is a benchmark coding decision, not proof about every actual invoice.","Original archived PDF page visually read and rates checked; single-assistant review, not independent human double-coding",2019 phase 3 starts 2017-10-10 although sheet approval stamp is 2015-10-09.,False,23.35,23.35,39.71,39.71,56.07,56.07,Base date applies to selected volume schedule; see surcharge_evidence and notes for independently effective components.,"See source and surcharge_evidence; applied_extra is the endpoint component after applicability review, not a literal transcription of every printed surcharge."
25605,2024,2023-10-31,8.99,0,1.72,0,"https://psc.ky.gov/tariffs/Water/Districts,%20Associations,%20%26%20Privately%20Owned/Mountain%20Water%20District/Tariff.pdf",2,8b991cbcf6fa500a32e0522dd80115ce76c737a0b161719cb23add8c5fc445e6,2019 5/8 inch; 2024 5/8 x 3/4 inch,Single retail connection; excludes multiple-user master-meter and wholesale schedules,Entire service area / entire service territory,"[[null, ""11.48""]]",sources/files/25605_tariff_5221e9ce783f.pdf,"Compiled tariff p3: $1.72/bill/unit, cap $1365608. January 2024 start corroborated by 2026 order p38. Duration conflict preserved.","Original archived PDF page visually read and rates checked; single-assistant review, not independent human double-coding","Tariff refers to February 13, 2024; controlling corrective order is February 23. $8.99 plus $0.01148/gallon; wholesale reconciliation conflict does not change this retail endpoint.",False,31.95,33.67,54.91,56.63,77.87,79.59,Base date applies to selected volume schedule; see surcharge_evidence and notes for independently effective components.,"See source and surcharge_evidence; applied_extra is the endpoint component after applicability review, not a literal transcription of every printed surcharge."
29200,2019,2017-03-21,28.57,2000,0.0,0,"https://psc.ky.gov/tariffs/Water/Districts,%20Associations,%20%26%20Privately%20Owned/Sandy%20Hook%20Water%20District/Cancelled%20Tariff%20Pages/2022/Water%20Rates%20and%20Charges/08-10.pdf",1,58d373949adfb218dde1e409aa75eba5cbaa1638fa3e6af620d5e854f941c9eb,5/8 x 3/4 inch,Meter-size retail schedule,Areas of Elliott and Morgan counties served by district,"[[8000, ""11.19""]]",sources/files/29200_tariff_3afcfe484f1a.pdf,"No additional recurring charge coded in reviewed archived evidence; zero is a benchmark coding decision, not proof about every actual invoice.","Original archived PDF page visually read and rates checked; single-assistant review, not independent human double-coding",,False,28.57,28.57,50.95,50.95,73.33,73.33,Base date applies to selected volume schedule; see surcharge_evidence and notes for independently effective components.,"See source and surcharge_evidence; applied_extra is the endpoint component after applicability review, not a literal transcription of every printed surcharge."
29200,2024,2022-08-10,37.14,2000,0.0,0,"https://psc.ky.gov/tariffs/Water/Districts,%20Associations,%20%26%20Privately%20Owned/Sandy%20Hook%20Water%20District/Cancelled%20Tariff%20Pages/2025/Water%20Rates%20and%20Charges/09-19.pdf",1,5badf399c7b19e983bd49275883af33ccac288bef3690938396d6ac17d19d0df,5/8 x 3/4 inch,Meter-size retail schedule,Areas of Elliott and Morgan counties served by district,"[[8000, ""14.55""]]",sources/files/29200_tariff_0e37a34cfb4f.pdf,"No additional recurring charge coded in reviewed archived evidence; zero is a benchmark coding decision, not proof about every actual invoice.","Original archived PDF page visually read and rates checked; single-assistant review, not independent human double-coding",,False,37.14,37.14,66.24,66.24,95.34,95.34,Base date applies to selected volume schedule; see surcharge_evidence and notes for independently effective components.,"See source and surcharge_evidence; applied_extra is the endpoint component after applicability review, not a literal transcription of every printed surcharge."
32500,2019,2014-10-27,15.01,1000,0.0,0,"https://psc.ky.gov/tariffs/Water/Districts,%20Associations,%20%26%20Privately%20Owned/Western%20Fleming%20County%20Water%20District/Cancelled%20Tariff%20Pages/2020/Monthly%20Water%20Rates/03-30.pdf",1,2cd9a57521ce966ffd95930ad1076b9ae711533576f284474d63666c854a655d,"2019 5/8 x 3/4 inch, explicitly same rates for all sizes; 2024 all meter sizes",Single retail connection; multiple connections excluded,Western Fleming County,"[[6000, ""8.74""]]",sources/files/32500_tariff_f1487687c05a.pdf,"No additional recurring charge coded in reviewed archived evidence; zero is a benchmark coding decision, not proof about every actual invoice.","Original archived PDF page visually read and rates checked; single-assistant review, not independent human double-coding",,False,23.75,23.75,41.23,41.23,58.71,58.71,Base date applies to selected volume schedule; see surcharge_evidence and notes for independently effective components.,"See source and surcharge_evidence; applied_extra is the endpoint component after applicability review, not a literal transcription of every printed surcharge."
32500,2024,2022-09-19,19.07,1000,1.46,0,"https://psc.ky.gov/tariffs/Water/Districts,%20Associations,%20%26%20Privately%20Owned/Western%20Fleming%20County%20Water%20District/Tariff.pdf",5,d2f5cc97c66a436c050b3769df6d6a373ac5001f0b5e2d5801972c31b6e26ef6,"2019 5/8 x 3/4 inch, explicitly same rates for all sizes; 2024 all meter sizes",Single retail connection; multiple connections excluded,Western Fleming County,"[[6000, ""10.53""]]",sources/files/32500_tariff_519816184979.pdf,Same rate page: $1.46/customer water-loss surcharge; November 2022 collection start reported in PSC memo.,"Original archived PDF page visually read and rates checked; single-assistant review, not independent human double-coding",,False,29.6,31.06,50.66,52.12,71.72,73.18,Base date applies to selected volume schedule; see surcharge_evidence and notes for independently effective components.,"See source and surcharge_evidence; applied_extra is the endpoint component after applicability review, not a literal transcription of every printed surcharge."
23300,2019,2010-10-29,20.24,2000,0.0,0,"https://psc.ky.gov/tariffs/Water/Districts,%20Associations,%20%26%20Privately%20Owned/Hyden-Leslie%20County%20Water%20District/Cancelled%20Tariff%20Pages/2020/Rates%20and%20Charges/11-06.pdf",1,704073ed974e83f6bd9a9c2e9abe2b715f682fb3371e6c82538e60d5d6b610ec,2019 not specified under Residential Rates; 2024 All Meters,"2019 residential (not commercial); 2024 general monthly water, phase 1","2019 heading blank; 2024 Clay, Leslie and Perry counties","[[3000, ""5.62""], [5000, ""4.45""]]",sources/files/23300_tariff_11dd55dc2e35.pdf,"No additional recurring charge coded in reviewed archived evidence; zero is a benchmark coding decision, not proof about every actual invoice.","Original archived PDF page visually read and rates checked; single-assistant review, not independent human double-coding",,False,20.24,20.24,31.48,31.48,41.55,41.55,Base date applies to selected volume schedule; see surcharge_evidence and notes for independently effective components.,"See source and surcharge_evidence; applied_extra is the endpoint component after applicability review, not a literal transcription of every printed surcharge."
23300,2024,2024-08-06,32.01,2000,0.0,0,"https://psc.ky.gov/tariffs/Water/Districts,%20Associations,%20%26%20Privately%20Owned/Hyden-Leslie%20County%20Water%20District/Tariff.pdf",1,8f785621ca22c8a8335caf475253e7897b47aca4ebc9e0cf9f8cc22ff4fbea3f,2019 not specified under Residential Rates; 2024 All Meters,"2019 residential (not commercial); 2024 general monthly water, phase 1","2019 heading blank; 2024 Clay, Leslie and Perry counties","[[3000, ""13.40""], [20000, ""11.72""]]",sources/files/23300_tariff_937970da91da.pdf,"Rate page lists $1.53, but 2025-01-16 cessation order (2020-00340) confirms last billing November 2024; excluded at December endpoint.","Original archived PDF page visually read and rates checked; single-assistant review, not independent human double-coding",,False,32.01,32.01,58.81,58.81,83.93,83.93,Base date applies to selected volume schedule; see surcharge_evidence and notes for independently effective components.,Tariff prints 1.53; applied_extra=0 because last billing was November 2024 (2025-01-16 cessation order).
22500,2019,2017-05-01,5.92,0,0.0,0,"https://psc.ky.gov/tariffs/Water/Districts,%20Associations,%20%26%20Privately%20Owned/Hardin%20County%20Water%20District%20Number%201/Cancelled%20Tariff%20Pages/2022/Rates,%20Surcharges%20and%20Monthly%20Charges/12-01.pdf",2,4f2fa1a9751b54cff0f87b548d817bc5cdc35969c0661e84e727c09e47e81d1c,5/8 inch; distinct from more costly 3/4-inch meter,Retail volume charge plus small-meter customer charge; no private fire service,Entire area served,"[[15000, ""5.31""]]",sources/files/22500_tariff_2707ae520d36.pdf,"No additional recurring charge coded in reviewed archived evidence; zero is a benchmark coding decision, not proof about every actual invoice.","Original archived PDF page visually read and rates checked; single-assistant review, not independent human double-coding",Fixed-charge additional page visually checked: archived 2019 PDF p1; compiled 2024 PDF p17 ($8.36 effective 2022-12-01). Volume sheet date applies to volume rates.,False,16.54,16.54,27.16,27.16,37.78,37.78,Base date applies to selected volume schedule; see surcharge_evidence and notes for independently effective components.,"See source and surcharge_evidence; applied_extra is the endpoint component after applicability review, not a literal transcription of every printed surcharge."
22500,2024,2024-09-24,8.36,0,0.0,0,"https://psc.ky.gov/tariffs/Water/Districts,%20Associations,%20%26%20Privately%20Owned/Hardin%20County%20Water%20District%20Number%201/Cancelled%20Tariff%20Pages/2025/Rates,%20Surcharges,%20and%20Monthly%20Charges/10-30.pdf",1,f10952b7ee40442227bc849f3d16d2c49286a89212007836074fc013f1f1bfb2,5/8 inch; distinct from more costly 3/4-inch meter,Retail volume charge plus small-meter customer charge; no private fire service,Entire area served,"[[15000, ""7.57""]]",sources/files/22500_tariff_35cfd920aac6.pdf,"No additional recurring charge coded in reviewed archived evidence; zero is a benchmark coding decision, not proof about every actual invoice.","Original archived PDF page visually read and rates checked; single-assistant review, not independent human double-coding",Fixed-charge additional page visually checked: archived 2019 PDF p1; compiled 2024 PDF p17 ($8.36 effective 2022-12-01). Volume sheet date applies to volume rates.,False,23.5,23.5,38.64,38.64,53.78,53.78,Base date applies to selected volume schedule; see surcharge_evidence and notes for independently effective components.,"See source and surcharge_evidence; applied_extra is the endpoint component after applicability review, not a literal transcription of every printed surcharge."
26000,2019,2019-11-19,24.15,2000,0.0,0,"https://psc.ky.gov/tariffs/Water/Districts,%20Associations,%20%26%20Privately%20Owned/Muhlenberg%20County%20Water%20District%20Number%203/Cancelled%20Tariff%20Pages/2022/Monthly%20Water%20Rates/08-31.pdf",1,7106fe7e315c1c72a5d300c305148a4bc3537a35106678536d323218a2961b49,2019 unspecified; 2024 All Meters,General monthly retail; excludes wholesale,Northern Muhlenberg County tariff heading; annual-report territory is not established by heading,"[[8000, ""7.76""]]",sources/files/26000_tariff_7435ff2a6a20.pdf,"No additional recurring charge coded in reviewed archived evidence; zero is a benchmark coding decision, not proof about every actual invoice.","Original archived PDF page visually read and rates checked; single-assistant review, not independent human double-coding",,False,24.15,24.15,39.67,39.67,55.19,55.19,Base date applies to selected volume schedule; see surcharge_evidence and notes for independently effective components.,"See source and surcharge_evidence; applied_extra is the endpoint component after applicability review, not a literal transcription of every printed surcharge."
26000,2024,2024-08-01,31.81,2000,0.0,0,"https://psc.ky.gov/tariffs/Water/Districts,%20Associations,%20%26%20Privately%20Owned/Muhlenberg%20County%20Water%20District%20Number%203/Tariff.pdf",2,165a2d61d899627b49df8cdc6ab46886a86f0e6cf8be5005fe49b3d4c01c06f5,2019 unspecified; 2024 All Meters,General monthly retail; excludes wholesale,Northern Muhlenberg County tariff heading; annual-report territory is not established by heading,"[[8000, ""10.81""], [10000, ""10.38""], [30000, ""9.82""], [null, ""9.41""]]",sources/files/26000_tariff_43200511eb39.pdf,"No additional recurring charge coded in reviewed archived evidence; zero is a benchmark coding decision, not proof about every actual invoice.","Original archived PDF page visually read and rates checked; single-assistant review, not independent human double-coding","CORRECTED: fourth revised sheet cancelled on its effective date; fifth revised sheet and 2024-00212 order pp4-5,8 establish PWA +$0.95/1000 gallons, including allowance. No separate surcharge.",True,31.81,31.81,53.43,53.43,75.05,75.05,Base date applies to selected volume schedule; see surcharge_evidence and notes for independently effective components.,"See source and surcharge_evidence; applied_extra is the endpoint component after applicability review, not a literal transcription of every printed surcharge."
26900,2019,2019-02-10,18.36,2000,0.0,0,"https://psc.ky.gov/tariffs/Water/Districts,%20Associations,%20%26%20Privately%20Owned/North%20McLean%20County%20Water%20District/Cancelled%20Tariff%20Pages/2020/Monthly%20Rates/06-01.pdf",1,332e2880483a0c2f746d53e13e5161994f4c43338bbbb3a7fa5a8c2f861695d0,Not specified on monthly-rate sheet,General monthly retail schedule,McLean County,"[[8000, ""6.66""]]",sources/files/26900_tariff_3981c9f54088.pdf,"No additional recurring charge coded in reviewed archived evidence; zero is a benchmark coding decision, not proof about every actual invoice.","Original archived PDF page visually read and rates checked; single-assistant review, not independent human double-coding",,False,18.36,18.36,31.68,31.68,45.0,45.0,Base date applies to selected volume schedule; see surcharge_evidence and notes for independently effective components.,"See source and surcharge_evidence; applied_extra is the endpoint component after applicability review, not a literal transcription of every printed surcharge."
26900,2024,2021-07-01,24.31,2000,0.0,0,"https://psc.ky.gov/tariffs/Water/Districts,%20Associations,%20%26%20Privately%20Owned/North%20McLean%20County%20Water%20District/Cancelled%20Tariff%20Pages/2025/Monthly%20Rates/03-01.pdf",1,6284b4274d7b533c2b5c3fbf989274889d16a28102f98d6e5416b0ad76152719,Not specified on monthly-rate sheet,General monthly retail schedule,McLean County,"[[8000, ""9.21""]]",sources/files/26900_tariff_a660171d737d.pdf,"No additional recurring charge coded in reviewed archived evidence; zero is a benchmark coding decision, not proof about every actual invoice.","Original archived PDF page visually read and rates checked; single-assistant review, not independent human double-coding",,False,24.31,24.31,42.73,42.73,61.15,61.15,Base date applies to selected volume schedule; see surcharge_evidence and notes for independently effective components.,"See source and surcharge_evidence; applied_extra is the endpoint component after applicability review, not a literal transcription of every printed surcharge."
27000,2019,2017-05-19,18.22,1000,0.0,0,"https://psc.ky.gov/tariffs/Water/Districts,%20Associations,%20%26%20Privately%20Owned/North%20Mercer%20Water%20District/Cancelled%20Tariff%20Pages/2021/Monthly%20Water%20Rates/08-19.pdf",1,e30f495779c9202019c9ca1d49dfd7202b0f4e65610ccdb51aafec59543c9c46,2019 5/8 inch; 2024 5/8 x 3/4 inch,Meter-size retail; bulk loading excluded,"Mercer, Anderson, Washington and Boyle counties","[[null, ""7.69""]]",sources/files/27000_tariff_ce69a309c4c2.pdf,"No additional recurring charge coded in reviewed archived evidence; zero is a benchmark coding decision, not proof about every actual invoice.","Original archived PDF page visually read and rates checked; single-assistant review, not independent human double-coding",,False,25.91,25.91,41.29,41.29,56.67,56.67,Base date applies to selected volume schedule; see surcharge_evidence and notes for independently effective components.,"See source and surcharge_evidence; applied_extra is the endpoint component after applicability review, not a literal transcription of every printed surcharge."
27000,2024,2024-10-08,22.6,1000,0.0,0,"https://psc.ky.gov/tariffs/Water/Districts,%20Associations,%20%26%20Privately%20Owned/North%20Mercer%20Water%20District/Tariff.pdf",3,9c19a2fa44fbd6c4cd615c74a664a5c987fb71de44208988863ec15c48386af9,2019 5/8 inch; 2024 5/8 x 3/4 inch,Meter-size retail; bulk loading excluded,"Mercer, Anderson, Washington and Boyle counties","[[null, ""10.90""]]",sources/files/27000_tariff_6b59c07c9b72.pdf,"No additional recurring charge coded in reviewed archived evidence; zero is a benchmark coding decision, not proof about every actual invoice.","Original archived PDF page visually read and rates checked; single-assistant review, not independent human double-coding",,False,33.5,33.5,55.3,55.3,77.1,77.1,Base date applies to selected volume schedule; see surcharge_evidence and notes for independently effective components.,"See source and surcharge_evidence; applied_extra is the endpoint component after applicability review, not a literal transcription of every printed surcharge."
26400,2019,2019-03-31,23.15,2000,0.0,0,"https://psc.ky.gov/tariffs/Water/Districts,%20Associations,%20%26%20Privately%20Owned/Nebo%20Water%20District/Cancelled%20Tariff%20Pages/2024/Whole%20Tariff/01-11.pdf",3,3073392e7308e4e867cbd7185cbd121faefcd10db7356f390508a216c837fd27,5/8 x 3/4 inch,Meter-size retail schedule,Hopkins County,"[[2000, ""9.57""], [6000, ""9.07""]]",sources/files/26400_tariff_10cd243897f6.pdf,"No additional recurring charge coded in reviewed archived evidence; zero is a benchmark coding decision, not proof about every actual invoice.","Original archived PDF page visually read and rates checked; single-assistant review, not independent human double-coding",,False,23.15,23.15,42.29,42.29,60.43,60.43,Base date applies to selected volume schedule; see surcharge_evidence and notes for independently effective components.,"See source and surcharge_evidence; applied_extra is the endpoint component after applicability review, not a literal transcription of every printed surcharge."
26400,2024,2024-08-02,31.11,2000,0.0,0,"https://psc.ky.gov/tariffs/Water/Districts,%20Associations,%20%26%20Privately%20Owned/Nebo%20Water%20District/Tariff.pdf",5,037922d448602793fcbe1c424f5e704c36e0919265212f89ec4c9487a5842e9f,5/8 x 3/4 inch,Meter-size retail schedule,Hopkins County,"[[2000, ""11.65""], [6000, ""11.12""]]",sources/files/26400_tariff_20676a43c5d4.pdf,"No additional recurring charge coded in reviewed archived evidence; zero is a benchmark coding decision, not proof about every actual invoice.","Original archived PDF page visually read and rates checked; single-assistant review, not independent human double-coding",,False,31.11,31.11,54.41,54.41,76.65,76.65,Base date applies to selected volume schedule; see surcharge_evidence and notes for independently effective components.,"See source and surcharge_evidence; applied_extra is the endpoint component after applicability review, not a literal transcription of every printed surcharge."
24100,2019,2016-03-14,11.1,1000,0.0,0,"https://psc.ky.gov/tariffs/Water/Districts,%20Associations,%20%26%20Privately%20Owned/Laurel%20County%20Water%20District%20Number%202/Cancelled%20Tariff%20Pages/2020/Monthly%20Water%20Rates/04-08.pdf",1,5c287133ce3db4f828a49e6ce978447579f774c08e88231e7fd93a6fbbb7c82f,5/8 inch,Meter-size retail schedule,Southern Laurel County and West Knox County,"[[99000, ""4.66""]]",sources/files/24100_tariff_04c6fe9f8521.pdf,"No additional recurring charge coded in reviewed archived evidence; zero is a benchmark coding decision, not proof about every actual invoice.","Original archived PDF page visually read and rates checked; single-assistant review, not independent human double-coding",,False,15.76,15.76,25.08,25.08,34.4,34.4,Base date applies to selected volume schedule; see surcharge_evidence and notes for independently effective components.,"See source and surcharge_evidence; applied_extra is the endpoint component after applicability review, not a literal transcription of every printed surcharge."
24100,2024,2020-04-08,15.0,1000,0.0,0,"https://psc.ky.gov/tariffs/Water/Districts,%20Associations,%20%26%20Privately%20Owned/Laurel%20County%20Water%20District%20Number%202/Tariff.pdf",26,a72986165aaedde5e78b0e17329cef0dff5d06a1f56349742f507f46c372fa14,5/8 inch,Meter-size retail schedule,Southern Laurel County and West Knox County,"[[99000, ""5.86""]]",sources/files/24100_tariff_9c721271ce7a.pdf,"No additional recurring charge coded in reviewed archived evidence; zero is a benchmark coding decision, not proof about every actual invoice.","Original archived PDF page visually read and rates checked; single-assistant review, not independent human double-coding",,False,20.86,20.86,32.58,32.58,44.3,44.3,Base date applies to selected volume schedule; see surcharge_evidence and notes for independently effective components.,"See source and surcharge_evidence; applied_extra is the endpoint component after applicability review, not a literal transcription of every printed surcharge."
28000,2019,2013-04-15,22.55,2000,0.0,0,"https://psc.ky.gov/tariffs/Water/Districts,%20Associations,%20%26%20Privately%20Owned/Pendleton%20County%20Water%20District/Cancelled%20Tariff%20Pages/2020/Monthly%20Water%20Rates/03-10.pdf",1,6fe55a332fe77d37d16c3453f0a8410993d0ad7f79af82aee12a7fac8927da52,2019 5/8 x 3/4 through 2 inch; 2024 literally 5/8 x 3/8 through 2 inch,"General small-connection retail; school, industrial and wholesale schedules excluded",Pendleton County,"[[3000, ""9.76""], [10000, ""9.21""]]",sources/files/28000_tariff_b5693885fe9c.pdf,"No additional recurring charge coded in reviewed archived evidence; zero is a benchmark coding decision, not proof about every actual invoice.","Original archived PDF page visually read and rates checked; single-assistant review, not independent human double-coding",,False,22.55,22.55,42.07,42.07,61.04,61.04,Base date applies to selected volume schedule; see surcharge_evidence and notes for independently effective components.,"See source and surcharge_evidence; applied_extra is the endpoint component after applicability review, not a literal transcription of every printed surcharge."
28000,2024,2020-10-28,25.7,2000,0.0,0,"https://psc.ky.gov/tariffs/Water/Districts,%20Associations,%20%26%20Privately%20Owned/Pendleton%20County%20Water%20District/Cancelled%20Tariff%20Pages/2025/Monthly%20Water%20Rates/06-13.pdf",1,c142344309f5528a972a503b47ae29c2e7eae2ef515f6fe20d1f8b32b3a285ba,2019 5/8 x 3/4 through 2 inch; 2024 literally 5/8 x 3/8 through 2 inch,"General small-connection retail; school, industrial and wholesale schedules excluded",Pendleton County,"[[3000, ""11.12""], [10000, ""10.50""]]",sources/files/28000_tariff_108d07391e46.pdf,"No additional recurring charge coded in reviewed archived evidence; zero is a benchmark coding decision, not proof about every actual invoice.","Original archived PDF page visually read and rates checked; single-assistant review, not independent human double-coding",Literal 3/8-inch connector label retained as printed; not silently changed to 3/4. Same general small-meter retail schedule; physical meter transition not established.,False,25.7,25.7,47.94,47.94,69.56,69.56,Base date applies to selected volume schedule; see surcharge_evidence and notes for independently effective components.,"See source and surcharge_evidence; applied_extra is the endpoint component after applicability review, not a literal transcription of every printed surcharge."
20200,2019,2015-05-07,21.18,1000,0.0,0,"https://psc.ky.gov/tariffs/Water/Districts,%20Associations,%20%26%20Privately%20Owned/Cumberland%20Falls%20Highway%20Water%20District/Cancelled%20Tariff%20Pages/2026/Monthly%20Rates/03-05.pdf",1,67bac9eae2947501681ec61530e9c9ab2cb924bb6890aba274855b6e58a78633,5/8 x 3/4 inch,Meter-size retail schedule,Entire district service area,"[[null, ""8.74""]]",sources/files/20200_tariff_5ac107ae7e22.pdf,"No additional recurring charge coded in reviewed archived evidence; zero is a benchmark coding decision, not proof about every actual invoice.","Original archived PDF page visually read and rates checked; single-assistant review, not independent human double-coding",,False,29.92,29.92,47.4,47.4,64.88,64.88,Base date applies to selected volume schedule; see surcharge_evidence and notes for independently effective components.,"See source and surcharge_evidence; applied_extra is the endpoint component after applicability review, not a literal transcription of every printed surcharge."
20200,2024,2015-05-07,21.18,1000,0.0,0,"https://psc.ky.gov/tariffs/Water/Districts,%20Associations,%20%26%20Privately%20Owned/Cumberland%20Falls%20Highway%20Water%20District/Cancelled%20Tariff%20Pages/2026/Monthly%20Rates/03-05.pdf",1,67bac9eae2947501681ec61530e9c9ab2cb924bb6890aba274855b6e58a78633,5/8 x 3/4 inch,Meter-size retail schedule,Entire district service area,"[[null, ""8.74""]]",sources/files/20200_tariff_5ac107ae7e22.pdf,"No additional recurring charge coded in reviewed archived evidence; zero is a benchmark coding decision, not proof about every actual invoice.","Original archived PDF page visually read and rates checked; single-assistant review, not independent human double-coding",,False,29.92,29.92,47.4,47.4,64.88,64.88,Base date applies to selected volume schedule; see surcharge_evidence and notes for independently effective components.,"See source and surcharge_evidence; applied_extra is the endpoint component after applicability review, not a literal transcription of every printed surcharge."
24500,2019,2016-01-07,25.0,2000,0.0,0,"https://psc.ky.gov/tariffs/Water/Districts,%20Associations,%20%26%20Privately%20Owned/Lyon%20County%20Water%20District/Cancelled%20Tariff%20Pages/2021/Monthly%20Rates/06-01.pdf",1,52582ea2c9fb6711306142125175e503eab618893ab1f646e12850842a389c79,5/8 x 3/4 inch,Meter-size retail schedule,Lyon County,"[[3000, ""10.62""], [5000, ""7.50""]]",sources/files/24500_tariff_3e2ef36d6243.pdf,"No additional recurring charge coded in reviewed archived evidence; zero is a benchmark coding decision, not proof about every actual invoice.","Original archived PDF page visually read and rates checked; single-assistant review, not independent human double-coding",,False,25.0,25.0,46.24,46.24,64.36,64.36,Base date applies to selected volume schedule; see surcharge_evidence and notes for independently effective components.,"See source and surcharge_evidence; applied_extra is the endpoint component after applicability review, not a literal transcription of every printed surcharge."
24500,2024,2024-09-09,30.99,2000,0.0,0,"https://psc.ky.gov/tariffs/Water/Districts,%20Associations,%20%26%20Privately%20Owned/Lyon%20County%20Water%20District/Cancelled%20Tariff%20Pages/2025/Monthly%20Water%20Rates/08-01.pdf",1,357dce4f86a1d3dcac958e990c3585267c7de95e1e17662e78136575d2a33854,5/8 x 3/4 inch,Meter-size retail schedule,Lyon County,"[[3000, ""13.23""], [5000, ""9.48""]]",sources/files/24500_tariff_f8966411cd4e.pdf,"No additional recurring charge coded in reviewed archived evidence; zero is a benchmark coding decision, not proof about every actual invoice.","Original archived PDF page visually read and rates checked; single-assistant review, not independent human double-coding",,False,30.99,30.99,57.45,57.45,80.16,80.16,Base date applies to selected volume schedule; see surcharge_evidence and notes for independently effective components.,"See source and surcharge_evidence; applied_extra is the endpoint component after applicability review, not a literal transcription of every printed surcharge."
21500,2019,2019-11-17,21.58,2000,3.54,0,"https://psc.ky.gov/tariffs/Water/Districts,%20Associations,%20%26%20Privately%20Owned/Estill%20County%20Water%20District/Cancelled%20Tariff%20Pages/2024/Monthly%20Rates/08-30.pdf",1,9f4189337274176e186db93478edc2c451996b32c1204ae7db7acc9ec261c012,5/8 x 3/4 inch,General retail excluding Cobhill-specific 2019 $4.81 surcharge; not a universal district bill,Estill County; non-Cobhill benchmark,"[[3000, ""10.53""], [5000, ""10.31""]]",sources/files/21500_tariff_8e162391d567.pdf,Separate archived surcharge sheet f1097d133587c23d.pdf p1: $3.54 monthly/bill subject to refund; stamped effective 2019-11-17; excludes Cobhill-specific $4.81.,"Original archived PDF page visually read and rates checked; single-assistant review, not independent human double-coding",2019 body date August 2018 differs from acceptance stamp November 2019; both precede baseline. Benchmark expressly excludes Cobhill supplement; household applicability is geographically conditional.,False,21.58,25.12,42.64,46.18,63.48,67.02,Base date applies to selected volume schedule; see surcharge_evidence and notes for independently effective components.,"See source and surcharge_evidence; applied_extra is the endpoint component after applicability review, not a literal transcription of every printed surcharge."
21500,2024,2024-08-30,25.33,2000,3.54,0,"https://psc.ky.gov/tariffs/Water/Districts,%20Associations,%20%26%20Privately%20Owned/Estill%20County%20Water%20District/Tariff.pdf",2,53c6b0a76460bb04cb1f0fdca825e73808331bb52751f8959c52cfd54ffc357e,5/8 x 3/4 inch,General retail excluding Cobhill-specific 2019 $4.81 surcharge; not a universal district bill,Estill County; non-Cobhill benchmark,"[[3000, ""12.36""], [5000, ""12.12""]]",sources/files/21500_tariff_021ec0ba1780.pdf,Compiled tariff p3: $3.54 monthly/bill authorized through 2025-12-31 conditional on compliance and subject to refund.,"Original archived PDF page visually read and rates checked; single-assistant review, not independent human double-coding",2019 body date August 2018 differs from acceptance stamp November 2019; both precede baseline. Benchmark expressly excludes Cobhill supplement; household applicability is geographically conditional.,False,25.33,28.87,50.05,53.59,74.53,78.07,Base date applies to selected volume schedule; see surcharge_evidence and notes for independently effective components.,"See source and surcharge_evidence; applied_extra is the endpoint component after applicability review, not a literal transcription of every printed surcharge."
19400,2019,2011-07-18,18.25,2000,0,0,"https://psc.ky.gov/tariffs/Water/Districts,%20Associations,%20%26%20Privately%20Owned/Knott%20County%20Water%20%26%20Sewer%20District/Cancelled%20Tariff%20Pages/2020/Monthly%20Rates/01-31.pdf",1,eebf77b426dc97bd8ee05d9dac49c67e098043de52a00f6e5111b2ff102986a8,3/4-inch on both tariff sheets; 2020 order calls small class 5/8–3/4 inch,Ordinary single retail connection; excludes special well-loss arrangement,Knott County general retail schedule; southwest volume-rate table crossed out with 2007 annotations,"[[8000, ""5.63""]]",sources/files/19400_tariff_51ad07ca6ab4.pdf,No additional recurring charge for designated ordinary benchmark identified in archived schedule or 2020 order.,"Both endpoint tariff pages, southwest page and controlling order reviewed in v3",Primary admission corrects regional exclusion; special customer note does not represent a current population share.,False,18.25,18.25,29.51,29.51,40.77,40.77,"2019: body March 8, 2011 versus July 18 acceptance; both precede endpoint. 2024: phase 2 January 31, 2021, not 2020 stamp.",No ordinary recurring extra coded; legacy special flat-rate note not applied.
19400,2024,2021-01-31,29.50,2000,0,0,"https://psc.ky.gov/tariffs/Water/Districts,%20Associations,%20%26%20Privately%20Owned/Knott%20County%20Water%20%26%20Sewer%20District/Tariff.pdf",5,1c29b1679bd7b38a70282d11cc6c5639b9ef941eced9d60db48bf5f34ce31466,3/4-inch on both tariff sheets; 2020 order calls small class 5/8–3/4 inch,Ordinary single retail connection; excludes special well-loss arrangement,Knott County general retail schedule; southwest volume-rate table crossed out with 2007 annotations,"[[8000, ""10.15""]]",sources/files/19400_tariff_4db405702395.pdf,No additional recurring charge for designated ordinary benchmark identified in archived schedule or 2020 order.,"Both endpoint tariff pages, southwest page and controlling order reviewed in v3",Primary admission corrects regional exclusion; special customer note does not represent a current population share.,False,29.50,29.50,49.80,49.80,70.10,70.10,"2019: body March 8, 2011 versus July 18 acceptance; both precede endpoint. 2024: phase 2 January 31, 2021, not 2020 stamp.",No ordinary recurring extra coded; legacy special flat-rate note not applied.
