utility_id,2019,2024,customer_change_pct,utility_name,district_name_flag,counties_reported,operating_margin_pct_2019,operating_revenue_2019,full_operating_expenses_2019,arc_group_2019,counties_reported_2019,operating_margin_pct_2024,operating_revenue_2024,full_operating_expenses_2024,arc_group_2024,counties_reported_2024,county_set_changed,documented_in_window_merger,screening_status,margin_change_pp,material_customer_flag,years_observed,conservative_screen_pass
18100,7432.0,8011.0,7.790635091496223,Columbia/Adair Utilities District,True,Adair,-1.1102335081018635,3974209.0,4018332.0,all ARC,Adair,15.40077698564808,5834342.0,4935808.0,all ARC,Adair,False,False,candidate: further boundary/legal verification required,16.511010493749943,False,6,True
18200,5539.0,5848.0,5.578624300415247,Allen County Water District,True,Allen,-4.518982845392859,2526815.08,2641001.42,no ARC,Allen,4.057771244367478,3438735.0,3299199.0,no ARC,Allen,False,False,candidate: further boundary/legal verification required,8.576754089760337,True,6,False
18500,5423.0,6519.0,20.21021574774111,Barkley Lake Water District,True,Trigg,-6.542375850052648,2454995.0,2615610.0,no ARC,Caldwell | Christian | Trigg,19.81330803250596,3354831.0,2690128.0,no ARC,Trigg,True,False,candidate: further boundary/legal verification required,26.355683882558605,True,6,False
18600,3782.0,4051.0,7.112638815441574,Bath County Water District,True,Bath | Menifee | Montgomery | Rowan,-6.593441453237436,2175116.0,2318531.0,all ARC,Bath | Menifee | Montgomery | Rowan,6.598101356803472,2608705.0,2436580.0,all ARC,Bath | Menifee | Montgomery | Rowan,False,False,candidate: further boundary/legal verification required,13.191542810040907,True,6,False
18800,4646.0,4859.0,4.58458889367197,Big Sandy Water District,True,Boyd | Carter | Johnson | Lawrence,-19.91443165049448,2491108.0,2987198.0,all ARC,Boyd | Carter | Johnson | Lawrence,8.322807059654219,2999637.0,2749983.0,all ARC,Boyd | Carter | Johnson | Lawrence,False,False,candidate: further boundary/legal verification required,28.23723871014869,True,6,False
18900,24717.0,27859.0,12.711898693207102,Boone County Water District,True,Boone,-8.354037563479578,16030943.0,17370174.0,no ARC,Boone,-12.888880960236344,19283086.0,21768460.0,no ARC,Boone,False,False,candidate: further boundary/legal verification required,-4.534843396756767,False,6,True
19050,2580.0,2799.0,8.488372093023266,Bracken County Water District,True,Bracken | Mason | Pendleton | Robertson,25.33332205149033,1772760.0,1323661.0,mixed ARC/non-ARC,Bracken | Mason | Pendleton | Robertson,27.96266768573913,2124808.0,1530655.0,mixed ARC/non-ARC,Bracken | Mason | Pendleton | Robertson,False,False,candidate: further boundary/legal verification required,2.6293456342488035,False,6,True
19200,6790.0,7196.0,5.97938144329897,Bullock Pen Water District,True,Boone | Gallatin | Grant | Kenton | Pendleton,2.0199193911344917,4363788.0,4275643.0,no ARC,Boone | Gallatin | Grant | Kenton | Pendleton,14.916311421991956,5372119.0,4570797.0,no ARC,Boone | Gallatin | Grant | Kenton | Pendleton,False,False,candidate: further boundary/legal verification required,12.896392030857465,False,6,True
19201,2065.0,1997.0,-3.2929782082324444,Caldwell County Water District,True,Caldwell,18.65060766335124,1348444.0,1096951.0,no ARC,Caldwell,11.23992667053327,1715545.0,1522719.0,no ARC,Caldwell,False,False,candidate: further boundary/legal verification required,-7.410680992817971,True,6,False
19400,3055.0,3170.0,3.764320785597386,Knott County Water & Sewer District,True,Knott,-54.33888876906846,2179187.0,3363333.0,all ARC,Knott,-27.70643865565256,3760754.0,4802725.0,all ARC,Knott,False,False,candidate: further boundary/legal verification required,26.6324501134159,False,6,True
19500,3325.0,3517.0,5.774436090225565,Cannonsburg Water District,True,Boyd | Greenup,3.1343437123164404,2692653.0,2608256.0,all ARC,Boyd | Greenup,-0.8419894830215463,2978422.0,3003500.0,all ARC,Boyd | Greenup,False,False,candidate: further boundary/legal verification required,-3.9763331953379866,False,6,True
19600,2692.0,2878.0,6.90936106983655,Carroll County Water District #1,True,Carroll | Gallatin | Owen,-6.673858826920809,1831624.0,1953864.0,no ARC,Carroll | Gallatin | Owen,22.811538485213283,2274406.0,1755579.0,no ARC,Carroll | Gallatin | Owen,False,False,candidate: further boundary/legal verification required,29.485397312134094,False,6,True
19650,1586.0,1640.0,3.4047919293821005,Cawood Water District,True,Harlan,-23.97084154196038,848193.0,1051512.0,all ARC,Harlan,-20.29967589178468,1026509.0,1234887.0,all ARC,Harlan,False,False,candidate: further boundary/legal verification required,3.6711656501756975,False,6,True
19700,4622.0,6292.0,36.131544785807,Christian County Water District,True,Christian,4.881647673185783,3693548.0,3513242.0,no ARC,Christian,14.880310853802346,4198501.0,3573751.0,no ARC,Christian,False,False,candidate: further boundary/legal verification required,9.998663180616564,True,3,False
19900,1131.0,1236.0,9.283819628647215,Corinth Water District,True,Grant | Harrison | Pendleton,14.076050072905398,744115.0,639373.0,no ARC,Grant | Harrison | Pendleton,9.295829662481983,931891.0,845264.0,no ARC,Grant | Harrison | Pendleton,False,False,candidate: further boundary/legal verification required,-4.7802204104234125,False,6,True
20100,3457.0,3691.0,6.768874746890363,Crittenden-Livingston County Water District,True,Crittenden | Livingston,4.223943534737693,2346788.0,2247661.0,no ARC,Crittenden | Livingston,14.72014793013022,3072802.0,2620481.0,no ARC,Crittenden | Livingston,False,False,candidate: further boundary/legal verification required,10.496204395392528,False,6,True
20150,2483.0,2805.0,12.968183648811916,Cumberland County Water District,True,Cumberland,-7.546303459221513,1402541.0,1508381.0,all ARC,Cumberland,-12.818013681134255,1953493.0,2203892.0,all ARC,Cumberland,False,False,candidate: further boundary/legal verification required,-5.271710221912742,True,6,False
20200,3271.0,3567.0,9.049220421889338,Cumberland Falls Highway Water District,True,Whitley,14.858115286673655,2034962.0,1732605.0,all ARC,Whitley,8.58047096214833,2160301.0,1974937.0,all ARC,Whitley,False,False,candidate: further boundary/legal verification required,-6.277644324525326,False,6,True
20700,4800.0,5189.0,8.104166666666668,East Casey County Water District,True,Lincoln | Casey,-17.30894222214402,1818586.0,2133364.0,all ARC,Casey | Lincoln,4.355360071483492,2856044.0,2731653.0,all ARC,Lincoln | Casey,False,False,candidate: further boundary/legal verification required,21.66430229362751,False,6,True
20800,2497.0,2726.0,9.171005206247496,East Clark County Water District,True,Clark,-4.36190357762192,1479698.0,1544241.0,all ARC,Clark,0.5632100810776172,1802347.0,1792196.0,all ARC,Clark,False,False,candidate: further boundary/legal verification required,4.925113658699537,False,6,True
21000,5294.0,5760.0,8.80241783150737,East Laurel Water District,True,Laurel,-1.2310476010271842,2949033.0,2985337.0,all ARC,Laurel,5.487023539408408,3590617.0,3393599.0,all ARC,Laurel,False,False,candidate: further boundary/legal verification required,6.718071140435592,True,6,False
21100,3144.0,3396.0,8.015267175572527,"East Logan Water District, Inc.",True,Logan,13.987095631646646,2123157.0,1826189.0,no ARC,Logan,-4.281104344789102,2270559.0,2367764.0,no ARC,Logan,False,False,candidate: further boundary/legal verification required,-18.26819997643575,False,6,True
21200,2005.0,2490.0,24.189526184538646,East Pendleton Water District,True,Bracken | Campbell | Harrison | Pendleton,3.480891386396332,1155997.0,1115758.0,no ARC,Bracken | Campbell | Harrison | Pendleton,8.019167794718681,1228519.0,1130002.0,no ARC,Bracken | Campbell | Harrison | Pendleton,False,False,candidate: further boundary/legal verification required,4.53827640832235,True,6,False
21300,10654.0,11858.0,11.30091984231274,Edmonson County Water District,True,Butler | Edmonson | Grayson | Hart | Warren,8.074717158398567,3163343.0,2907912.0,mixed ARC/non-ARC,Butler | Edmonson | Grayson | Hart | Warren,-18.385543658623472,4334264.0,5131142.0,mixed ARC/non-ARC,Butler | Edmonson | Grayson | Hart | Warren,False,False,candidate: further boundary/legal verification required,-26.46026081702204,False,6,True
21400,581.0,599.0,3.098106712564541,Elkhorn Water District,True,Franklin,5.7383690268902265,339417.0,319940.0,no ARC,Franklin,14.654272847100176,436992.0,372954.0,no ARC,Franklin,False,False,candidate: further boundary/legal verification required,8.915903820209948,False,4,False
21500,3527.0,3648.0,3.43067762971363,Estill County Water District #1,True,Estill,-9.120753403080595,1990329.0,2171862.0,all ARC,Estill,2.843188687981156,2272132.0,2207531.0,all ARC,Estill,False,False,candidate: further boundary/legal verification required,11.963942091061751,False,6,True
21700,2551.0,2626.0,2.940023520188162,Farmdale Water District,True,Anderson | Franklin | Shelby,-7.361093614630373,1293911.0,1389157.0,no ARC,Anderson | Franklin | Shelby,6.317111692294255,1648744.0,1544591.0,no ARC,Anderson | Franklin | Shelby,False,False,candidate: further boundary/legal verification required,13.678205306924628,False,6,True
21850,1945.0,2087.0,7.300771208226231,Gallatin County Water District,True,Boone | Gallatin | Grant,9.52043376307753,1159527.0,1049135.0,no ARC,Boone | Gallatin | Grant,22.797785970930303,1278032.0,986669.0,no ARC,Boone | Gallatin | Grant,False,False,candidate: further boundary/legal verification required,13.277352207852775,False,6,True
21900,1019.0,1023.0,0.3925417075564263,Garrison-Quincy-Ky-O-Heights Water District,True,Lewis,-26.700333003988728,546540.0,692468.0,all ARC,Lewis,7.312164197314045,643421.0,596373.0,all ARC,Lewis,False,False,candidate: further boundary/legal verification required,34.01249720130277,True,6,False
22000,6425.0,7679.0,19.517509727626468,Grayson County Water District,True,Grayson,4.327606557526324,3514252.0,3362169.0,no ARC,Grayson,-3.1351961545160587,4725127.0,4873269.0,no ARC,Grayson,False,False,candidate: further boundary/legal verification required,-7.462802712042382,True,6,False
22200,6887.0,7418.0,7.710178597357342,Green River Valley Water District,True,Barren | Green | Hart | Larue | Metcalfe | Edmonson | Hardin,6.284492038773254,4550869.0,4264870.0,mixed ARC/non-ARC,Barren | Green | Hart | Larue | Metcalfe,15.676324507637103,7080499.0,5970537.0,mixed ARC/non-ARC,Barren | Green | Hart | Larue | Metcalfe | Edmonson | Hardin,True,False,candidate: further boundary/legal verification required,9.39183246886385,False,6,False
22206700,1998.0,2115.0,5.855855855855863,Western Lewis-Rectorville Water and Gas District,True,Lewis | Mason,-9.357115463675628,1014319.0,1109230.0,mixed ARC/non-ARC,Lewis | Mason,-10.708810668819032,1095229.0,1212515.0,mixed ARC/non-ARC,Lewis | Mason,False,False,candidate: further boundary/legal verification required,-1.351695205143404,False,5,False
22300,5018.0,5362.0,6.855320844958146,Green-Taylor Water District,True,Adair | Green | Metcalfe | Taylor,-6.493753540744371,2644218.0,2815927.0,mixed ARC/non-ARC,Adair | Green | Metcalfe | Taylor,7.473845712778373,3055522.0,2827157.0,mixed ARC/non-ARC,Adair | Green | Metcalfe | Taylor,False,False,candidate: further boundary/legal verification required,13.967599253522744,False,6,True
22500,9504.0,9437.0,-0.7049663299663278,Hardin County Water District #1,True,Breckinridge | Hardin | Meade,2.102355589664984,9497537.0,9297865.0,no ARC,Breckinridge | Hardin | Meade,14.234116511115232,11419374.0,9793927.0,no ARC,Breckinridge | Hardin | Meade,False,False,candidate: further boundary/legal verification required,12.131760921450248,False,6,True
22600,25886.0,27506.0,6.258209070540066,Hardin County Water District #2,True,Hardin | Hart | Larue,14.943534680685454,14719389.0,12519792.0,mixed ARC/non-ARC,Hardin | Hart | Larue,-0.7216083568212857,16626609.0,16746588.0,mixed ARC/non-ARC,Hardin | Hart | Larue,False,False,candidate: further boundary/legal verification required,-15.66514303750674,False,6,True
22700,6150.0,6039.0,-1.8048780487804887,Henderson County Water District,True,Henderson | Webster,5.171631909341572,3192996.0,3027866.0,no ARC,Henderson | Webster,-2.955561995910523,3743755.0,3854404.0,no ARC,Henderson | Webster,False,False,candidate: further boundary/legal verification required,-8.127193905252094,False,6,True
23000,6858.0,6669.0,-2.7559055118110187,Henry County Water District #2,True,Carroll | Henry | Oldham | Shelby | Trimble,3.509577829853714,3604992.0,3478472.0,no ARC,Carroll | Henry | Oldham | Shelby | Trimble,26.357925860793028,4703773.0,3463956.0,no ARC,Carroll | Henry | Oldham | Shelby | Trimble,False,False,candidate: further boundary/legal verification required,22.848348030939317,False,5,False
23300,3412.0,3372.0,-1.1723329425556872,Hyden-Leslie County Water District,True,Clay | Leslie | Perry,-53.71141612436331,1533121.0,2356582.0,all ARC,Clay | Leslie | Perry,-30.724383075635792,2448801.0,3201180.0,all ARC,Clay | Leslie | Perry,False,False,candidate: further boundary/legal verification required,22.98703304872752,False,6,True
23400,1667.0,2128.0,27.65446910617877,Jessamine County Water District #1,True,Jessamine,9.853146977927436,1961485.0,1768217.0,no ARC,Jessamine,5.678797556537184,2888851.0,2724799.0,no ARC,Jessamine,False,False,candidate: further boundary/legal verification required,-4.174349421390254,True,6,False
23550,2349.0,2551.0,8.599404001702847,Jonathan Creek Water District,True,Marshall,-14.19431420758461,957017.0,1092859.0,no ARC,Marshall,11.666314821864024,1203182.0,1062815.0,no ARC,Marshall,False,False,candidate: further boundary/legal verification required,25.86062902944863,True,6,False
24000,3578.0,4304.0,20.29066517607603,Larue County Water District #1,True,Larue | Nelson,-1.0404833648591982,1540534.0,1556563.0,no ARC,Larue,26.561575815176724,2666201.0,1958016.0,no ARC,Larue | Nelson,True,False,candidate: further boundary/legal verification required,27.602059180035923,True,6,False
24100,5717.0,5927.0,3.673255203778214,Laurel County Water District #2,True,Knox | Laurel,-14.196048542446746,2437784.0,2783853.0,all ARC,Knox | Laurel,3.9055199521595134,3257492.0,3130270.0,all ARC,Knox | Laurel,False,False,candidate: further boundary/legal verification required,18.101568494606266,False,6,True
24200,1197.0,1238.0,3.42522974101922,Ledbetter Water District,True,Livingston,-6.466310134369632,492522.0,524370.0,no ARC,Livingston,7.226627724155609,553979.0,513945.0,no ARC,Livingston,False,False,candidate: further boundary/legal verification required,13.69293785852524,False,6,True
24300,3049.0,3121.0,2.361429977041652,Jessamine-South Elkhorn Water District,True,Jessamine,13.13949047004611,2686162.0,2333214.0,no ARC,Jessamine,19.515620708730797,3324337.0,2675572.0,no ARC,Jessamine,False,False,candidate: further boundary/legal verification required,6.3761302386846825,True,6,False
24500,2587.0,2779.0,7.421724004638586,Lyon County Water District,True,Lyon,-11.674361419180007,1195620.0,1335201.0,no ARC,Lyon,0.607732854093067,1527974.0,1518688.0,no ARC,Lyon,False,False,candidate: further boundary/legal verification required,12.282094273273074,False,6,True
24600,3334.0,3387.0,1.5896820635872722,Magoffin County Water District,True,Floyd | Magoffin,-24.366834511693707,1548055.0,1925267.0,all ARC,Floyd | Magoffin | Floyd | Magoffin,7.716302577855656,1702927.0,1571524.0,all ARC,Floyd | Magoffin,False,False,candidate: further boundary/legal verification required,32.08313708954936,True,6,False
24700,5903.0,6294.0,6.623750635270209,Marion County Water District,True,Marion | Nelson,-2.8254457982871086,3103758.0,3191453.0,no ARC,Marion | Nelson,0.0290048686568983,4085521.0,4084336.0,no ARC,Marion | Nelson,False,False,candidate: further boundary/legal verification required,2.854450666944007,False,6,True
25000,3417.0,3057.0,-10.535557506584723,Martin County Water District,True,Martin,-27.12440215603411,2529088.0,3215088.0,all ARC,Martin,-21.64683679979988,3158115.0,3841747.0,all ARC,Martin,False,False,candidate: further boundary/legal verification required,5.47756535623423,False,6,True
25200,5651.0,5835.0,3.2560608741815544,McCreary County Water District,True,McCreary,-22.191090174952528,3386842.26,4138419.48,all ARC,McCreary,-4.01947014862963,4707230.63,4896436.36,all ARC,McCreary,False,False,candidate: further boundary/legal verification required,18.1716200263229,False,6,True
25300,1807.0,1877.0,3.873824017708905,McKinney Water District,True,Casey | Lincoln,0.4753524074198085,955712.0,951169.0,all ARC,Casey | Lincoln,-2.6607287931569834,1175505.0,1206782.0,all ARC,Casey | Lincoln,False,False,candidate: further boundary/legal verification required,-3.136081200576792,False,6,True
25305,4872.0,5489.0,12.664203612479486,Meade County Water District,True,Meade,-5.033513894533631,2519552.0,2646374.0,no ARC,Meade | Meade,-4.5503334785267,3753615.0,3924417.0,no ARC,Meade,False,False,candidate: further boundary/legal verification required,0.483180416006931,False,6,True
25500,3328.0,3352.0,0.7211538461538547,Monroe County Water District,True,Monroe,-0.5982847878810525,2221183.0,2234472.0,all ARC,Monroe,-1.5095441982026518,2892595.0,2936260.0,all ARC,Monroe,False,False,candidate: further boundary/legal verification required,-0.9112594103215992,False,6,True
25603,2717.0,2912.0,7.177033492822971,Morgan County Water District,True,Morgan,-28.79975918880228,1428505.0,1839911.0,all ARC,Morgan,-14.210584350745217,2285374.0,2610139.0,all ARC,Morgan,False,False,candidate: further boundary/legal verification required,14.589174838057064,False,6,True
25605,15583.0,15227.0,-2.2845408457934924,Mountain Water District,True,Pike,-28.020555817623094,8502897.0,10885456.0,all ARC,Pike,-19.454630487459852,10218503.0,12206475.0,all ARC,Pike,False,False,candidate: further boundary/legal verification required,8.565925330163243,False,6,True
25800,5648.0,5685.0,0.6550991501416359,Muhlenberg County Water District,True,Muhlenberg,-4.364211261168716,3816016.0,3982555.0,no ARC,Muhlenberg,-9.779323710442334,4445788.0,4880556.0,no ARC,Muhlenberg,False,False,candidate: further boundary/legal verification required,-5.415112449273618,False,6,True
26000,2019.0,1972.0,-2.3278850916295224,Muhlenberg County Water District #3,True,McLean | Muhlenberg,-9.47815477067096,1215437.0,1330638.0,no ARC,McLean | Muhlenberg,4.4034525599947685,1529300.0,1461958.0,no ARC,McLean | Muhlenberg,False,False,candidate: further boundary/legal verification required,13.881607330665728,False,6,True
26400,1542.0,1574.0,2.075226977950706,Nebo Water District,True,Hopkins,0.3364466723975286,931797.0,928662.0,no ARC,Hopkins,2.0744503198308704,1179686.0,1155214.0,no ARC,Hopkins,False,False,candidate: further boundary/legal verification required,1.7380036474333418,False,6,True
26600,1356.0,1342.0,-1.0324483775811188,North Hopkins Water District,True,Hopkins,16.52636985214798,1008576.0,841895.0,no ARC,Hopkins,8.866210180105133,1114016.0,1015245.0,no ARC,Hopkins,False,False,candidate: further boundary/legal verification required,-7.660159672042846,True,6,False
26700,544.0,583.0,7.169117647058831,North Logan Water District #1,True,Logan,-27.213387797638436,429884.0,546870.0,no ARC,Logan,-19.061423118926754,447763.0,533113.0,no ARC,Logan,False,False,candidate: further boundary/legal verification required,8.151964678711678,False,6,True
26800,5327.0,5483.0,2.928477567110943,North Marshall Water District,True,Livingston | Marshall,-17.30927894852738,1775643.0,2082994.0,no ARC,Livingston | Marshall,10.77185550758545,2437166.0,2174638.0,no ARC,Livingston | Marshall,False,False,candidate: further boundary/legal verification required,28.081134456112828,False,6,True
26900,1275.0,1274.0,-0.0784313725490148,North McLean County Water District,True,McLean,1.0249602033561311,794665.0,786520.0,no ARC,McLean,-2.152138021042712,1069634.0,1092654.0,no ARC,McLean,False,False,candidate: further boundary/legal verification required,-3.177098224398843,False,6,True
27000,4711.0,4465.0,-5.221821269369564,North Mercer Water District,True,Anderson | Boyle | Mercer | Washington,3.4332188160785018,2436023.0,2352389.0,no ARC,Anderson | Boyle | Mercer | Washington,12.91702649254962,3274732.0,2851734.0,no ARC,Anderson | Boyle | Mercer | Washington,False,False,candidate: further boundary/legal verification required,9.483807676471116,False,6,True
27100,4658.0,5000.0,7.34220695577501,North Nelson Water District,True,Bullitt | Nelson | Spencer,1.08723466668331,1602230.0,1584810.0,no ARC,Bullitt | Nelson | Spencer,-17.004947890405433,1824616.0,2134891.0,no ARC,Bullitt | Nelson | Spencer,False,False,candidate: further boundary/legal verification required,-18.092182557088744,False,6,True
27300,1012.0,1024.0,1.1857707509881354,Northeast Woodford County Water District,True,Woodford,6.37248637474159,665125.0,622740.0,no ARC,Woodford,5.777463499033099,810321.0,763505.0,no ARC,Woodford,False,False,candidate: further boundary/legal verification required,-0.5950228757084908,False,6,True
27500,5826.0,5893.0,1.1500171644352797,Ohio County Water District,True,Breckinridge | Daviess | Grayson | Ohio,-32.2875940811485,3673956.0,4860188.0,no ARC,Breckinridge | Daviess | Grayson | Ohio,-7.246850920490225,4643341.0,4979837.0,no ARC,Breckinridge | Daviess | Grayson | Ohio,False,False,candidate: further boundary/legal verification required,25.040743160658277,False,6,True
27600,8060.0,8576.0,6.401985111662523,Oldham County Water District,True,Oldham,10.363466755125016,5007253.0,4488328.0,no ARC,Oldham,-6.7431052081038025,5922405.0,6321759.0,no ARC,Oldham,False,False,candidate: further boundary/legal verification required,-17.106571963228816,False,6,True
27800,1595.0,1672.0,4.827586206896561,Parksville Water District,True,Boyle | Casey | Lincoln,2.087135704950701,972529.0,952231.0,mixed ARC/non-ARC,Boyle | Casey | Lincoln,4.24521138176699,1172050.0,1122294.0,mixed ARC/non-ARC,Boyle | Casey | Lincoln,False,False,candidate: further boundary/legal verification required,2.158075676816289,False,6,True
27900,1167.0,1215.0,4.113110539845755,Peaks Mill Water District,True,Franklin | Owen,-11.892222709989976,699331.0,782497.0,no ARC,Franklin | Owen,-17.568318518366688,878166.0,1032445.0,no ARC,Franklin | Owen,False,False,candidate: further boundary/legal verification required,-5.676095808376712,False,6,True
28000,2329.0,2556.0,9.746672391584376,Pendleton County Water District,True,Campbell | Grant | Pendleton,-14.6335959534205,1387048.0,1590023.0,no ARC,Campbell | Grant | Pendleton,5.03536153984816,1708636.0,1622600.0,no ARC,Campbell | Grant | Pendleton,False,False,candidate: further boundary/legal verification required,19.66895749326866,False,6,True
28300,2215.0,2144.0,-3.205417607223471,Powell's Valley Water District,True,Estill | Montgomery | Powell,-10.057152033054455,1295317.0,1425589.0,all ARC,Estill | Montgomery | Powell,0.8569238671518272,1621731.0,1607834.0,all ARC,Estill | Montgomery | Powell,False,False,candidate: further boundary/legal verification required,10.914075900206283,False,6,True
28600,4079.0,4027.0,-1.274822260357933,Rattlesnake Ridge Water District,True,Carter | Elliott | Lawrence | Lewis | Morgan,-17.187880814385494,2691600.0,3154229.0,all ARC,Carter | Elliott | Lawrence | Lewis | Morgan,9.99802464042679,3548721.0,3193919.0,all ARC,Carter | Elliott | Lawrence | Lewis | Morgan,False,False,candidate: further boundary/legal verification required,27.18590545481229,True,6,False
28700,1108.0,1108.0,0.0,Reid Village Water District,True,Clark | Montgomery,10.948217756663114,612739.0,545655.0,all ARC,Clark | Montgomery,-11.396950601448378,750771.0,836336.0,all ARC,Clark | Montgomery,False,False,candidate: further boundary/legal verification required,-22.345168358111493,False,6,True
29200,1088.0,1112.0,2.2058823529411686,Sandy Hook Water District,True,Elliott | Morgan,-22.23537115492336,760518.0,929622.0,all ARC,Elliott | Morgan,17.595685094907168,1012305.0,834183.0,all ARC,Elliott | Morgan,False,False,candidate: further boundary/legal verification required,39.831056249830525,False,6,True
29500,1454.0,1586.0,9.07840440165062,Sharpsburg Water District,True,Bath | Nicholas,-3.625021656048032,871581.0,903176.0,all ARC,Bath | Nicholas,4.286721034154113,1240202.0,1187038.0,all ARC,Bath | Nicholas,False,False,candidate: further boundary/legal verification required,7.9117426902021455,False,6,True
29700,3121.0,3265.0,4.613905799423268,Simpson County Water District,True,Simpson,4.471225402302983,2281230.33,2179231.38,no ARC,Simpson,-1.7245587280341237,2787772.27,2835849.04,no ARC,Simpson,False,False,candidate: further boundary/legal verification required,-6.195784130337107,False,6,True
29800,2962.0,3156.0,6.549628629304527,South Anderson Water District,True,Anderson,3.8088715716437607,1734687.0,1668615.0,no ARC,Anderson,3.698509626344678,2052908.0,1976981.0,no ARC,Anderson,False,False,candidate: further boundary/legal verification required,-0.1103619452990827,False,6,True
30100,2825.0,2831.0,0.212389380530964,South Hopkins Water District,True,Caldwell | Hopkins,-13.405751652608906,1586431.0,1799104.0,no ARC,Caldwell | Hopkins,0.0051229254217737,1815369.0,1815276.0,no ARC,Caldwell | Hopkins,False,False,candidate: further boundary/legal verification required,13.41087457803068,False,6,True
30400,1643.0,1760.0,7.121119902617168,South Woodford Water District,True,Woodford,-1.172134477479017,883687.0,894045.0,no ARC,Woodford,2.09497865301814,1102732.0,1079630.0,no ARC,Woodford,False,False,candidate: further boundary/legal verification required,3.267113130497157,False,6,True
30500,7091.0,12859.0,81.34254689042449,Daviess County Water District,True,Daviess,-5.066689742248375,2542370.0,2671184.0,no ARC,Daviess,7.143504300821255,7196300.0,6682232.0,no ARC,Daviess,False,True,exclude: 2021 Daviess merger,12.210194043069633,True,6,False
30600,5222.0,6958.0,33.24396782841823,Southern Madison Water District,True,Garrard | Madison,-7.176127345340684,1849145.0,1981842.0,all ARC,Madison | Garrard,8.471478607762858,2514744.0,2301708.0,all ARC,Garrard | Madison,False,False,candidate: further boundary/legal verification required,15.647605953103543,True,6,False
31100,3461.0,3803.0,9.881537127997683,Todd County Water District,True,Christian | Logan | Muhlenberg | Todd,14.284057980190246,2527139.0,2166161.0,no ARC,Christian | Logan | Muhlenberg | Todd,19.943523927814077,3193919.0,2556939.0,no ARC,Christian | Logan | Muhlenberg | Todd,False,False,candidate: further boundary/legal verification required,5.659465947623827,False,6,True
31200,1323.0,1271.0,-3.9304610733182144,Trimble County Water District #1,True,Trimble,10.771911429881143,789702.0,704636.0,no ARC,Trimble,-20.73979569544815,801059.0,967197.0,no ARC,Trimble,False,False,candidate: further boundary/legal verification required,-31.51170712532929,True,6,False
31400,2216.0,2261.0,2.030685920577624,Union County Water District,True,Union,-15.123685247843156,1681971.0,1936347.0,no ARC,Union,6.775951120017442,2687726.0,2505607.0,no ARC,Union,False,False,candidate: further boundary/legal verification required,21.8996363678606,False,6,True
31500,2475.0,2646.0,6.909090909090909,"U.S. 60 Water District of Shelby and Franklin Counties, KY",True,Anderson | Franklin | Shelby | Spencer,23.24035879209623,1485317.0,1140124.0,no ARC,Anderson | Franklin | Shelby | Spencer,18.496047515722285,1722714.0,1404080.0,no ARC,Anderson | Franklin | Shelby | Spencer,False,False,candidate: further boundary/legal verification required,-4.744311276373946,False,6,True
31700,27745.0,32056.0,15.537934763020369,Warren County Water District,True,Warren,8.185353116499426,12371729.18,11359059.46,no ARC,Warren,-5.291056290380341,17380231.65,18299829.49,no ARC,Warren,False,False,candidate: further boundary/legal verification required,-13.476409406879768,False,6,True
31800,1947.0,1945.0,-0.1027221366204367,Webster County Water District,True,Webster,-15.83642827627216,1587536.0,1838945.0,no ARC,Webster,-57.78636468218823,1903674.0,3003738.0,no ARC,Webster,False,False,candidate: further boundary/legal verification required,-41.94993640591607,True,6,False
32300,2027.0,2477.0,22.20029600394673,West Shelby Water District,True,Shelby,-19.90458821171065,1731023.0,2075576.0,no ARC,Shelby,9.002726076787074,2262959.0,2059231.0,no ARC,Shelby,False,False,candidate: further boundary/legal verification required,28.90731428849772,True,6,False
32500,1484.0,1665.0,12.196765498652296,Western Fleming County Water District,True,Fleming | Mason | Nicholas | Robertson,-10.859325927774288,1162190.0,1288396.0,mixed ARC/non-ARC,Fleming | Mason | Nicholas | Robertson,-15.918013978729244,1420730.0,1646882.0,mixed ARC/non-ARC,Fleming | Mason | Nicholas | Robertson,False,False,candidate: further boundary/legal verification required,-5.058688050954958,False,6,True
32700,1140.0,1145.0,0.4385964912280604,Western Mason County Water District,True,Bracken | Mason,14.522098514585627,722492.0,617571.0,no ARC,Bracken | Mason,14.939675774752304,1073698.0,913291.0,no ARC,Bracken | Mason,False,False,candidate: further boundary/legal verification required,0.4175772601666754,True,6,False
32900,3498.0,3770.0,7.775871926815325,Whitley County Water District #1,True,Whitley,-14.101370778931685,1857557.0,2119498.0,all ARC,Whitley,-44.08484315895676,1920862.0,2767671.0,all ARC,Whitley,False,False,candidate: further boundary/legal verification required,-29.98347238002508,True,6,False
7000100,10438.0,11243.0,7.7122054033339715,Madison County Utilities District,True,Madison,2.809423277702965,4944182.0,4805279.0,all ARC,Madison,11.987854223888553,6418363.0,5648939.0,all ARC,Madison,False,False,candidate: further boundary/legal verification required,9.178430946185587,False,6,True
7000200,77767.0,79996.0,2.866254323813444,Northern Kentucky Water District,True,Boone | Campbell | Kenton,28.250326475378795,57567894.0,41304776.0,no ARC,Boone | Campbell | Kenton,28.77261348093286,73504661.0,52355449.0,no ARC,Boone | Campbell | Kenton,False,False,candidate: further boundary/legal verification required,0.522287005554066,False,6,True
7000300,2953.0,2920.0,-1.1175076193701283,Letcher County Water and Sewer District,True,Letcher,-55.16444432471431,1423943.03,2209453.29,all ARC,Letcher,-57.91670599487869,1601055.92,2528334.77,all ARC,Letcher,False,False,candidate: further boundary/legal verification required,-2.75226167016438,False,6,True
7000500,8719.0,9414.0,7.971097602936106,Western Pulaski County Water District,True,Pulaski | Russell | Wayne,13.802135025284748,3385440.0,2918177.0,all ARC,Pulaski | Russell | Wayne,16.078320853620994,4612820.0,3871156.0,all ARC,Pulaski | Russell | Wayne,False,False,candidate: further boundary/legal verification required,2.2761858283362457,True,6,False
7000700,1912.0,2040.0,6.694560669456062,Breathitt County Water District,True,Breathitt,-86.33357888807038,1153850.0,2150010.0,all ARC,Breathitt,-90.64414119255862,1474242.0,2810556.0,all ARC,Breathitt,False,False,candidate: further boundary/legal verification required,-4.310562304488244,False,6,True
7000900,5348.0,5209.0,-2.599102468212411,Southern Water & Sewer District,True,Floyd,5.755714479456684,3915361.0,3690004.0,all ARC,Floyd | Knott,-15.484062900548496,3606773.0,4165248.0,all ARC,Floyd,True,False,candidate: further boundary/legal verification required,-21.23977738000518,False,6,False
7001200,4470.0,4520.0,1.118568232662187,Graves County Water District,True,Carlisle | Graves,-13.379381564040711,1775964.0,2013577.0,no ARC,Carlisle | Graves,-9.221796458720055,2296006.0,2507739.0,no ARC,Carlisle | Graves,False,False,candidate: further boundary/legal verification required,4.157585105320658,False,6,True
