utility_id,utility_name,year,vendor_literal,status,source_file,pdf_page,supplier_volumes
19400,Knott County Water & Sewer District,2019,Southern Water and Sewer District,reported vendor list,sources/files/annual_19400_2019.pdf,54,not attributed by this table
19400,Knott County Water & Sewer District,2024,Southern Water and Sewer District,reported vendor list,sources/files/annual_19400_2024.pdf,54,not attributed by this table
19900,Corinth Water District,2019,CITY OF WILLIAMSTOWN,reported vendor list,sources/files/annual_19900_2019.pdf,57,not attributed by this table
19900,Corinth Water District,2024,CITY OF WILLIAMSTOWN,reported vendor list,sources/files/annual_19900_2024.pdf,54,not attributed by this table
20200,Cumberland Falls Highway Water District,2019,"CORBIN CITY UTILITIES; CITY OF WILLIAMSBURG, WEST LAUREL WATER DISTRICT",reported vendor list,sources/files/annual_20200_2019.pdf,54,not attributed by this table
20200,Cumberland Falls Highway Water District,2024,Corbin City Utilities; City of Williamsburg; West Laurel Water District; Whitley Co Water District,reported vendor list,sources/files/annual_20200_2024.pdf,54,not attributed by this table
21500,Estill County Water District #1,2019,Irvine Municipal/Jackson Water,reported vendor list,sources/files/annual_21500_2019.pdf,54,not attributed by this table
21500,Estill County Water District #1,2024,Irvine Municipal/Jackson Water,reported vendor list,sources/files/annual_21500_2024.pdf,54,not attributed by this table
22500,Hardin County Water District #1,2019,HCWD NO.2 LWC,reported vendor list,sources/files/annual_22500_2019.pdf,54,not attributed by this table
22500,Hardin County Water District #1,2024,"HCWD NO.2, LWC, HCWD NO.1",reported vendor list,sources/files/annual_22500_2024.pdf,54,not attributed by this table
22700,Henderson County Water District,2019,"Henderson Water Utility, City of Henderson",reported vendor list,sources/files/annual_22700_2019.pdf,54,not attributed by this table
22700,Henderson County Water District,2024,"Henderson Water Utility, City of Henderson",reported vendor list,sources/files/annual_22700_2024.pdf,54,not attributed by this table
23300,Hyden-Leslie County Water District,2019,NA,blank or NA; not proof of no purchases,sources/files/annual_23300_2019.pdf,54,not attributed by this table
23300,Hyden-Leslie County Water District,2024,N/A,blank or NA; not proof of no purchases,sources/files/annual_23300_2024.pdf,54,not attributed by this table
24100,Laurel County Water District #2,2019,London Utility Commission,reported vendor list,sources/files/annual_24100_2019.pdf,54,not attributed by this table
24100,Laurel County Water District #2,2024,London Utility Commission,reported vendor list,sources/files/annual_24100_2024.pdf,54,not attributed by this table
24500,Lyon County Water District,2019,"Princeton, Kuttawa, Crittenden-Livingston, Eddyville, Barkley",reported vendor list,sources/files/annual_24500_2019.pdf,54,not attributed by this table
24500,Lyon County Water District,2024,"Princeton, Kuttawa, Eddyville, Barkley",reported vendor list,sources/files/annual_24500_2024.pdf,54,not attributed by this table
25605,Mountain Water District,2019,,blank or NA; not proof of no purchases,sources/files/annual_25605_2019.pdf,54,not attributed by this table
25605,Mountain Water District,2024,City of Pikeville and Williamson,reported vendor list,sources/files/annual_25605_2024.pdf,54,not attributed by this table
26000,Muhlenberg County Water District #3,2019,Central City Municipal Water & Sewer,reported vendor list,sources/files/annual_26000_2019.pdf,54,not attributed by this table
26000,Muhlenberg County Water District #3,2024,Central City Municipal Water & Sewer,reported vendor list,sources/files/annual_26000_2024.pdf,54,not attributed by this table
26400,Nebo Water District,2019,CITY OF MADISONVILLE KENTUCKY,reported vendor list,sources/files/annual_26400_2019.pdf,55,not attributed by this table
26400,Nebo Water District,2024,Madisonville Municipal Utilities & Webster County Water District,reported vendor list,sources/files/annual_26400_2024.pdf,54,not attributed by this table
26900,North McLean County Water District,2019,McLean County Regional Water Commission/West Daviess County Water Distric/Ohio County,reported vendor list,sources/files/annual_26900_2019.pdf,54,not attributed by this table
26900,North McLean County Water District,2024,McLean County Regional Water Commission/Daviess County Water District/Ohio County Water,reported vendor list,sources/files/annual_26900_2024.pdf,54,not attributed by this table
27000,North Mercer Water District,2019,"City of Harrodsburg, South Anderson Water District",reported vendor list,sources/files/annual_27000_2019.pdf,54,not attributed by this table
27000,North Mercer Water District,2024,"CITY OF HARRODSBURG, SOUTH ANDERSON WATER DISTRICT, CITY OF DANVILLE",reported vendor list,sources/files/annual_27000_2024.pdf,54,not attributed by this table
28000,Pendleton County Water District,2019,"City of Falmouth, Northern Kentucky Water District",reported vendor list,sources/files/annual_28000_2019.pdf,56,not attributed by this table
28000,Pendleton County Water District,2024,CITY OF FALMOUTH / NORTHER KENTUCKY WATER DISCTRICT,reported vendor list,sources/files/annual_28000_2024.pdf,56,not attributed by this table
28300,Powell's Valley Water District,2019,Beechfork Water Commission,reported vendor list,sources/files/annual_28300_2019.pdf,54,not attributed by this table
28300,Powell's Valley Water District,2024,Beechfork Water Commission,reported vendor list,sources/files/annual_28300_2024.pdf,54,not attributed by this table
29200,Sandy Hook Water District,2019,,blank or NA; not proof of no purchases,sources/files/annual_29200_2019.pdf,54,not attributed by this table
29200,Sandy Hook Water District,2024,Rattlesnake Ridge Water District,reported vendor list,sources/files/annual_29200_2024.pdf,54,not attributed by this table
29800,South Anderson Water District,2019,City of Lawrenceburg/Frankfort Water District,reported vendor list,sources/files/annual_29800_2019.pdf,54,not attributed by this table
29800,South Anderson Water District,2024,City of Lawrenceburg Water and Sewer/Frankfort Plant Board,reported vendor list,sources/files/annual_29800_2024.pdf,54,not attributed by this table
32500,Western Fleming County Water District,2019,GREATER FLEMING COUNTY REGIONAL WATER COMMISION,reported vendor list,sources/files/annual_32500_2019.pdf,54,not attributed by this table
32500,Western Fleming County Water District,2024,Greater Fleming County Regional Water Commission,reported vendor list,sources/files/annual_32500_2024.pdf,54,not attributed by this table
7000300,Letcher County Water and Sewer District,2019,Cities of Jenkins and Whitesburg/Knott and Perry County Water Districts,reported vendor list,sources/files/annual_7000300_2019.pdf,54,not attributed by this table
7000300,Letcher County Water and Sewer District,2024,"Cities of Whitesburg,& Jenkins; Perry and Knott Water Districts",reported vendor list,sources/files/annual_7000300_2024.pdf,54,not attributed by this table
