utility_id,utility_name,folder_name,folder_url,name_match_score,customer_change_pct
19201,Caldwell County Water District,Caldwell County Water District,https://psc.ky.gov/Home/Library?type=Tariffs&folder=Water%5CDistricts%2C%20Associations%2C%20%26%20Privately%20Owned%5CCaldwell%20County%20Water%20District,1.0,-3.2929782082324444
22500,Hardin County Water District #1,Hardin County Water District Number 1,https://psc.ky.gov/Home/Library?type=Tariffs&folder=Water%5CDistricts%2C%20Associations%2C%20%26%20Privately%20Owned%5CHardin%20County%20Water%20District%20Number%201,1.0,-0.7049663299663278
22700,Henderson County Water District,Henderson County Water District,https://psc.ky.gov/Home/Library?type=Tariffs&folder=Water%5CDistricts%2C%20Associations%2C%20%26%20Privately%20Owned%5CHenderson%20County%20Water%20District,1.0,-1.8048780487804892
23000,Henry County Water District #2,Henry County Water District Number 2,https://psc.ky.gov/Home/Library?type=Tariffs&folder=Water%5CDistricts%2C%20Associations%2C%20%26%20Privately%20Owned%5CHenry%20County%20Water%20District%20Number%202,1.0,-2.7559055118110187
23300,Hyden-Leslie County Water District,Hyden-Leslie County Water District,https://psc.ky.gov/Home/Library?type=Tariffs&folder=Water%5CDistricts%2C%20Associations%2C%20%26%20Privately%20Owned%5CHyden-Leslie%20County%20Water%20District,1.0,-1.1723329425556872
25000,Martin County Water District,Martin County Water District,https://psc.ky.gov/Home/Library?type=Tariffs&folder=Water%5CDistricts%2C%20Associations%2C%20%26%20Privately%20Owned%5CMartin%20County%20Water%20District,1.0,-10.535557506584723
25605,Mountain Water District,Mountain Water District,https://psc.ky.gov/Home/Library?type=Tariffs&folder=Water%5CDistricts%2C%20Associations%2C%20%26%20Privately%20Owned%5CMountain%20Water%20District,1.0,-2.2845408457934924
26000,Muhlenberg County Water District #3,Muhlenberg County Water District Number 3,https://psc.ky.gov/Home/Library?type=Tariffs&folder=Water%5CDistricts%2C%20Associations%2C%20%26%20Privately%20Owned%5CMuhlenberg%20County%20Water%20District%20Number%203,1.0,-2.3278850916295224
26600,North Hopkins Water District,North Hopkins Water District,https://psc.ky.gov/Home/Library?type=Tariffs&folder=Water%5CDistricts%2C%20Associations%2C%20%26%20Privately%20Owned%5CNorth%20Hopkins%20Water%20District,1.0,-1.0324483775811188
26900,North McLean County Water District,North McLean County Water District,https://psc.ky.gov/Home/Library?type=Tariffs&folder=Water%5CDistricts%2C%20Associations%2C%20%26%20Privately%20Owned%5CNorth%20McLean%20County%20Water%20District,1.0,-0.0784313725490148
27000,North Mercer Water District,North Mercer Water District,https://psc.ky.gov/Home/Library?type=Tariffs&folder=Water%5CDistricts%2C%20Associations%2C%20%26%20Privately%20Owned%5CNorth%20Mercer%20Water%20District,1.0,-5.221821269369564
28300,Powell's Valley Water District,Powells Valley Water District,https://psc.ky.gov/Home/Library?type=Tariffs&folder=Water%5CDistricts%2C%20Associations%2C%20%26%20Privately%20Owned%5CPowells%20Valley%20Water%20District,1.0,-3.205417607223471
28600,Rattlesnake Ridge Water District,Rattlesnake Ridge Water District,https://psc.ky.gov/Home/Library?type=Tariffs&folder=Water%5CDistricts%2C%20Associations%2C%20%26%20Privately%20Owned%5CRattlesnake%20Ridge%20Water%20District,1.0,-1.274822260357933
31200,Trimble County Water District #1,Trimble County Water District Number 1,https://psc.ky.gov/Home/Library?type=Tariffs&folder=Water%5CDistricts%2C%20Associations%2C%20%26%20Privately%20Owned%5CTrimble%20County%20Water%20District%20Number%201,1.0,-3.9304610733182144
31800,Webster County Water District,Webster County Water District,https://psc.ky.gov/Home/Library?type=Tariffs&folder=Water%5CDistricts%2C%20Associations%2C%20%26%20Privately%20Owned%5CWebster%20County%20Water%20District,1.0,-0.1027221366204367
7000300,Letcher County Water and Sewer District,Letcher County Water and Sewer District,https://psc.ky.gov/Home/Library?type=Tariffs&folder=Water%5CDistricts%2C%20Associations%2C%20%26%20Privately%20Owned%5CLetcher%20County%20Water%20and%20Sewer%20District,1.0,-1.1175076193701283
7000900,Southern Water & Sewer District,Southern Water & Sewer District,https://psc.ky.gov/Home/Library?type=Tariffs&folder=Water%5CDistricts%2C%20Associations%2C%20%26%20Privately%20Owned%5CSouthern%20Water%20%26%20Sewer%20District,1.0,-2.599102468212411
21200,East Pendleton Water District,East Pendleton Water District,https://psc.ky.gov/Home/Library?type=Tariffs&folder=Water%5CDistricts%2C%20Associations%2C%20%26%20Privately%20Owned%5CEast%20Pendleton%20Water%20District,1.0,24.189526184538646
29800,South Anderson Water District,South Anderson Water District,https://psc.ky.gov/Home/Library?type=Tariffs&folder=Water%5CDistricts%2C%20Associations%2C%20%26%20Privately%20Owned%5CSouth%20Anderson%20Water%20District,1.0,6.549628629304527
26400,Nebo Water District,Nebo Water District,https://psc.ky.gov/Home/Library?type=Tariffs&folder=Water%5CDistricts%2C%20Associations%2C%20%26%20Privately%20Owned%5CNebo%20Water%20District,1.0,2.075226977950706
30600,Southern Madison Water District,Southern Madison Water District,https://psc.ky.gov/Home/Library?type=Tariffs&folder=Water%5CDistricts%2C%20Associations%2C%20%26%20Privately%20Owned%5CSouthern%20Madison%20Water%20District,1.0,33.24396782841823
19900,Corinth Water District,Corinth Water District,https://psc.ky.gov/Home/Library?type=Tariffs&folder=Water%5CDistricts%2C%20Associations%2C%20%26%20Privately%20Owned%5CCorinth%20Water%20District,1.0,9.283819628647215
32500,Western Fleming County Water District,Western Fleming County Water District,https://psc.ky.gov/Home/Library?type=Tariffs&folder=Water%5CDistricts%2C%20Associations%2C%20%26%20Privately%20Owned%5CWestern%20Fleming%20County%20Water%20District,1.0,12.196765498652296
29200,Sandy Hook Water District,Sandy Hook Water District,https://psc.ky.gov/Home/Library?type=Tariffs&folder=Water%5CDistricts%2C%20Associations%2C%20%26%20Privately%20Owned%5CSandy%20Hook%20Water%20District,1.0,2.2058823529411686
19200,Bullock Pen Water District,Bullock Pen Water District,https://psc.ky.gov/Home/Library?type=Tariffs&folder=Water%5CDistricts%2C%20Associations%2C%20%26%20Privately%20Owned%5CBullock%20Pen%20Water%20District,1.0,5.97938144329897
18500,Barkley Lake Water District,Barkley Lake Water District,https://psc.ky.gov/Home/Library?type=Tariffs&folder=Water%5CDistricts%2C%20Associations%2C%20%26%20Privately%20Owned%5CBarkley%20Lake%20Water%20District,1.0,20.21021574774111
24100,Laurel County Water District #2,Laurel County Water District Number 2,https://psc.ky.gov/Home/Library?type=Tariffs&folder=Water%5CDistricts%2C%20Associations%2C%20%26%20Privately%20Owned%5CLaurel%20County%20Water%20District%20Number%202,1.0,3.673255203778214
28000,Pendleton County Water District,Pendleton County Water District,https://psc.ky.gov/Home/Library?type=Tariffs&folder=Water%5CDistricts%2C%20Associations%2C%20%26%20Privately%20Owned%5CPendleton%20County%20Water%20District,1.0,9.746672391584376
21900,Garrison-Quincy-Ky-O-Heights Water District,Garrison-Quincy-KY-O-Heights Water District,https://psc.ky.gov/Home/Library?type=Tariffs&folder=Water%5CDistricts%2C%20Associations%2C%20%26%20Privately%20Owned%5CGarrison-Quincy-KY-O-Heights%20Water%20District,1.0,0.3925417075564263
20200,Cumberland Falls Highway Water District,Cumberland Falls Highway Water District,https://psc.ky.gov/Home/Library?type=Tariffs&folder=Water%5CDistricts%2C%20Associations%2C%20%26%20Privately%20Owned%5CCumberland%20Falls%20Highway%20Water%20District,1.0,9.049220421889338
31400,Union County Water District,Union County Water District,https://psc.ky.gov/Home/Library?type=Tariffs&folder=Water%5CDistricts%2C%20Associations%2C%20%26%20Privately%20Owned%5CUnion%20County%20Water%20District,1.0,2.030685920577624
24500,Lyon County Water District,Lyon County Water District,https://psc.ky.gov/Home/Library?type=Tariffs&folder=Water%5CDistricts%2C%20Associations%2C%20%26%20Privately%20Owned%5CLyon%20County%20Water%20District,1.0,7.421724004638586
19400,Knott County Water & Sewer District,Knott County Water & Sewer District,https://psc.ky.gov/Home/Library?type=Tariffs&folder=Water%5CDistricts%2C%20Associations%2C%20%26%20Privately%20Owned%5CKnott%20County%20Water%20%26%20Sewer%20District,1.0,3.764320785597386
21500,Estill County Water District #1,Estill County Water District,https://psc.ky.gov/Home/Library?type=Tariffs&folder=Water%5CDistricts%2C%20Associations%2C%20%26%20Privately%20Owned%5CEstill%20County%20Water%20District,0.8771929824561403,3.43067762971363
