event_id,district_id,district,record_type,case,document_date,service_effective_date,base_bill_4000,base_price_changed_4000,amends_event_id,superseded_by_event_id,legal_status,billing_evidence_status,regulatory_category
E001,19900,Corinth Water District,baseline_anchor,,,2017-08-01,58.81,,,,documented approved benchmark; complete operative period not certified,Not established by this schedule/amendment row; consult separate surcharge evidence.,
E002,19900,Corinth Water District,amending_order,2020-00083,2020-04-29,,,,E003,,amending/clarifying document,Not established by this schedule/amendment row; consult separate surcharge evidence.,purchased-water adjustment
E003,19900,Corinth Water District,schedule,2020-00083,2020-03-30,2020-05-15,59.45,True,,,documented approved benchmark; complete operative period not certified,Not established by this schedule/amendment row; consult separate surcharge evidence.,purchased-water adjustment
E004,19900,Corinth Water District,schedule,2021-00232,2021-07-06,2021-05-30,60.09,True,,,documented approved benchmark; complete operative period not certified,Not established by this schedule/amendment row; consult separate surcharge evidence.,purchased-water adjustment
E005,19900,Corinth Water District,endpoint_schedule,2021-00425,2022-05-25,2022-05-25,66.7,True,,,documented approved benchmark; complete operative period not certified,Not established by this schedule/amendment row; consult separate surcharge evidence.,rate review; inspect order for cost rationale
E006,20200,Cumberland Falls Highway Water District,baseline_anchor,,,2015-05-07,47.4,,,,documented approved benchmark; complete operative period not certified,Not established by this schedule/amendment row; consult separate surcharge evidence.,
E007,21500,Estill County Water District #1,baseline_anchor,,,2019-11-17,42.64,,,,documented approved benchmark; complete operative period not certified,Not established by this schedule/amendment row; consult separate surcharge evidence.,
E008,21500,Estill County Water District #1,endpoint_schedule,2023-00371,,2024-08-30,50.05,True,,,documented approved benchmark; complete operative period not certified,Not established by this schedule/amendment row; consult separate surcharge evidence.,rate review; inspect order for cost rationale
E009,22500,Hardin County Water District #1,baseline_anchor,,,2017-05-01,27.16,,,,documented approved benchmark; complete operative period not certified,Not established by this schedule/amendment row; consult separate surcharge evidence.,
E010,22500,Hardin County Water District #1,schedule,2022-00337,2022-11-07,2022-12-01,38.36,True,,,documented approved benchmark; complete operative period not certified,Not established by this schedule/amendment row; consult separate surcharge evidence.,construction/financing-linked rates
E011,22500,Hardin County Water District #1,schedule,2023-00315,2023-10-26,2023-10-01,38.44,True,,,documented approved benchmark; complete operative period not certified,Not established by this schedule/amendment row; consult separate surcharge evidence.,purchased-water adjustment
E012,22500,Hardin County Water District #1,amending_order,2023-00315,2024-03-08,,,,E011,,amending/clarifying document,Not established by this schedule/amendment row; consult separate surcharge evidence.,purchased-water adjustment
E013,22500,Hardin County Water District #1,endpoint_schedule,2024-00319,2024-11-01,2024-09-24,38.64,True,,,documented approved benchmark; complete operative period not certified,Not established by this schedule/amendment row; consult separate surcharge evidence.,purchased-water adjustment
E014,22700,Henderson County Water District,baseline_anchor,,,2019-03-31,35.14,,,,documented approved benchmark; complete operative period not certified,Not established by this schedule/amendment row; consult separate surcharge evidence.,
E015,22700,Henderson County Water District,schedule,2020-00071,2020-03-27,2020-03-31,34.46,True,,,documented approved benchmark; complete operative period not certified,Not established by this schedule/amendment row; consult separate surcharge evidence.,purchased-water adjustment
E016,22700,Henderson County Water District,schedule,2022-00013,2022-02-10,2021-11-24,37.18,True,,,documented approved benchmark; complete operative period not certified,Not established by this schedule/amendment row; consult separate surcharge evidence.,purchased-water adjustment
E017,22700,Henderson County Water District,schedule,2022-00034,2022-03-16,2022-03-31,36.14,True,,,documented approved benchmark; complete operative period not certified,Not established by this schedule/amendment row; consult separate surcharge evidence.,purchased-water adjustment
E018,22700,Henderson County Water District,schedule,2023-00041,2023-03-02,2023-03-31,35.98,True,,,documented approved benchmark; complete operative period not certified,Not established by this schedule/amendment row; consult separate surcharge evidence.,purchased-water adjustment
E019,22700,Henderson County Water District,endpoint_schedule,2023-00101,2023-12-13,2024-01-01,38.69,True,,,documented approved benchmark; complete operative period not certified,Not established by this schedule/amendment row; consult separate surcharge evidence.,rate review; inspect order for cost rationale
E020,23300,Hyden-Leslie County Water District,baseline_anchor,,,2010-10-29,31.48,,,,documented approved benchmark; complete operative period not certified,Not established by this schedule/amendment row; consult separate surcharge evidence.,
E021,23300,Hyden-Leslie County Water District,schedule,2020-00141,2020-11-06,2020-11-06,43.08,True,,,documented approved benchmark; complete operative period not certified,Not established by this schedule/amendment row; consult separate surcharge evidence.,rate review; inspect order for cost rationale
E022,23300,Hyden-Leslie County Water District,schedule,2020-00141,2020-11-06,2021-11-06,54.74,True,,,documented approved benchmark; complete operative period not certified,Not established by this schedule/amendment row; consult separate surcharge evidence.,rate review; inspect order for cost rationale
E023,23300,Hyden-Leslie County Water District,endpoint_schedule,2024-00022,2024-08-06,2024-08-06,58.81,True,,,documented approved benchmark; complete operative period not certified,Not established by this schedule/amendment row; consult separate surcharge evidence.,rate review; inspect order for cost rationale
E024,23300,Hyden-Leslie County Water District,amending_order,2024-00022,2024-11-01,,,,E023,,amending/clarifying document,Not established by this schedule/amendment row; consult separate surcharge evidence.,rate review; inspect order for cost rationale
E025,24100,Laurel County Water District #2,baseline_anchor,,,2016-03-14,25.08,,,,documented approved benchmark; complete operative period not certified,Not established by this schedule/amendment row; consult separate surcharge evidence.,
E026,24100,Laurel County Water District #2,endpoint_schedule,2020-00079,,2020-04-08,32.58,True,,,documented approved benchmark; complete operative period not certified,Not established by this schedule/amendment row; consult separate surcharge evidence.,construction/financing-linked rates
E027,24500,Lyon County Water District,baseline_anchor,,,2016-01-07,46.24,,,,documented approved benchmark; complete operative period not certified,Not established by this schedule/amendment row; consult separate surcharge evidence.,
E028,24500,Lyon County Water District,schedule,2021-00195,2021-06-04,2021-06-01,47.76,True,,,documented approved benchmark; complete operative period not certified,Not established by this schedule/amendment row; consult separate surcharge evidence.,purchased-water adjustment
E029,24500,Lyon County Water District,schedule,2021-00391,2022-05-13,2022-05-13,50.98,True,,,documented approved benchmark; complete operative period not certified,Not established by this schedule/amendment row; consult separate surcharge evidence.,rate review; inspect order for cost rationale
E030,24500,Lyon County Water District,endpoint_schedule,,,2024-09-09,57.45,True,,,documented approved benchmark; complete operative period not certified,Not established by this schedule/amendment row; consult separate surcharge evidence.,
E031,25605,Mountain Water District,baseline_anchor,,,2017-10-10,39.71,,,,documented approved benchmark; complete operative period not certified,Not established by this schedule/amendment row; consult separate surcharge evidence.,
E032,25605,Mountain Water District,schedule,2020-00068,2020-04-02,2020-02-28,40.87,True,,,documented approved benchmark; complete operative period not certified,Not established by this schedule/amendment row; consult separate surcharge evidence.,purchased-water adjustment
E033,25605,Mountain Water District,schedule,2022-00423,2023-01-12,2022-12-11,41.19,True,,,documented approved benchmark; complete operative period not certified,Not established by this schedule/amendment row; consult separate surcharge evidence.,purchased-water adjustment
E034,25605,Mountain Water District,endpoint_schedule,2022-00366,2024-02-23,2023-10-31,54.91,True,,,documented approved benchmark; complete operative period not certified,Not established by this schedule/amendment row; consult separate surcharge evidence.,rate review; inspect order for cost rationale
E035,25605,Mountain Water District,amending_order,2022-00366,2023-11-29,,,,E034,,amending/clarifying document,Not established by this schedule/amendment row; consult separate surcharge evidence.,rate review; inspect order for cost rationale
E036,25605,Mountain Water District,amending_order,2022-00366,2024-02-23,,,,E034,,amending/clarifying document,Not established by this schedule/amendment row; consult separate surcharge evidence.,rate review; inspect order for cost rationale
E037,26000,Muhlenberg County Water District #3,baseline_anchor,,,2019-11-19,39.67,,,,documented approved benchmark; complete operative period not certified,Not established by this schedule/amendment row; consult separate surcharge evidence.,
E038,26000,Muhlenberg County Water District #3,schedule,2022-00231,,2022-08-31,42.15,True,,,documented approved benchmark; complete operative period not certified,Not established by this schedule/amendment row; consult separate surcharge evidence.,unclassified
E039,26000,Muhlenberg County Water District #3,superseded_schedule,2023-00400,2024-08-01,2024-08-01,49.63,True,,V2_MUHLENBERG_PWA,superseded same-effective-date approval,Not established by this schedule/amendment row; consult separate surcharge evidence.,rate review; inspect order for cost rationale
E040,26400,Nebo Water District,baseline_anchor,,,2019-03-31,42.29,,,,documented approved benchmark; complete operative period not certified,Not established by this schedule/amendment row; consult separate surcharge evidence.,
E041,26400,Nebo Water District,schedule,,,2024-01-11,42.29,False,,,documented approved benchmark; complete operative period not certified,Not established by this schedule/amendment row; consult separate surcharge evidence.,
E042,26400,Nebo Water District,schedule,2024-00062,2024-04-18,2024-04-18,49.4,True,,,documented approved benchmark; complete operative period not certified,Not established by this schedule/amendment row; consult separate surcharge evidence.,construction/financing-linked rates
E043,26400,Nebo Water District,schedule,2024-00120,2024-06-06,2024-04-25,51.56,True,,,documented approved benchmark; complete operative period not certified,Not established by this schedule/amendment row; consult separate surcharge evidence.,purchased-water adjustment
E044,26400,Nebo Water District,endpoint_schedule,2024-00002,2024-08-02,2024-08-02,54.41,True,,,documented approved benchmark; complete operative period not certified,Not established by this schedule/amendment row; consult separate surcharge evidence.,rate review; inspect order for cost rationale
E045,26900,North McLean County Water District,baseline_anchor,,,2019-02-10,31.68,,,,documented approved benchmark; complete operative period not certified,Not established by this schedule/amendment row; consult separate surcharge evidence.,
E046,26900,North McLean County Water District,schedule,2020-00168,2020-06-10,2020-06-01,31.84,True,,,documented approved benchmark; complete operative period not certified,Not established by this schedule/amendment row; consult separate surcharge evidence.,purchased-water adjustment
E047,26900,North McLean County Water District,schedule,2020-00320,2020-10-21,2020-10-01,34.28,True,,,documented approved benchmark; complete operative period not certified,Not established by this schedule/amendment row; consult separate surcharge evidence.,purchased-water adjustment
E048,26900,North McLean County Water District,schedule,2020-00238,2021-01-27,2021-01-27,39.97,True,,,documented approved benchmark; complete operative period not certified,Not established by this schedule/amendment row; consult separate surcharge evidence.,rate review; inspect order for cost rationale
E049,26900,North McLean County Water District,schedule,,,2021-02-25,40.09,True,,,documented approved benchmark; complete operative period not certified,Not established by this schedule/amendment row; consult separate surcharge evidence.,
E050,26900,North McLean County Water District,endpoint_schedule,2021-00225,2021-07-06,2021-07-01,42.73,True,,,documented approved benchmark; complete operative period not certified,Not established by this schedule/amendment row; consult separate surcharge evidence.,purchased-water adjustment
E051,27000,North Mercer Water District,baseline_anchor,,,2017-05-19,41.29,,,,documented approved benchmark; complete operative period not certified,Not established by this schedule/amendment row; consult separate surcharge evidence.,
E052,27000,North Mercer Water District,schedule,,,2021-08-19,48.2,True,,,documented approved benchmark; complete operative period not certified,Not established by this schedule/amendment row; consult separate surcharge evidence.,
E053,27000,North Mercer Water District,schedule,2023-00268,2023-09-15,2023-09-08,50.12,True,,,documented approved benchmark; complete operative period not certified,Not established by this schedule/amendment row; consult separate surcharge evidence.,purchased-water adjustment
E054,27000,North Mercer Water District,endpoint_schedule,2023-00185,2024-10-08,2024-10-08,55.3,True,,,documented approved benchmark; complete operative period not certified,Not established by this schedule/amendment row; consult separate surcharge evidence.,rate review; inspect order for cost rationale
E055,28000,Pendleton County Water District,baseline_anchor,,,2013-04-15,42.07,,,,documented approved benchmark; complete operative period not certified,Not established by this schedule/amendment row; consult separate surcharge evidence.,
E056,28000,Pendleton County Water District,schedule,2019-00310,2020-03-10,2020-03-10,47.94,True,,,documented approved benchmark; complete operative period not certified,Not established by this schedule/amendment row; consult separate surcharge evidence.,rate review; inspect order for cost rationale
E057,28000,Pendleton County Water District,endpoint_schedule,2020-00158,2020-10-28,2020-10-28,47.94,False,,,documented approved benchmark; complete operative period not certified,Not established by this schedule/amendment row; consult separate surcharge evidence.,wholesale special-contract amendment; no residential base change
E058,28300,Powell's Valley Water District,baseline_anchor,,,2017-10-26,43.34,,,,documented approved benchmark; complete operative period not certified,Not established by this schedule/amendment row; consult separate surcharge evidence.,
E059,28300,Powell's Valley Water District,schedule,2023-00053,2023-03-16,2023-01-26,46.43,True,,,documented approved benchmark; complete operative period not certified,Not established by this schedule/amendment row; consult separate surcharge evidence.,purchased-water adjustment
E060,28300,Powell's Valley Water District,endpoint_schedule,2023-00387,2024-12-09,2024-12-09,46.43,False,,,documented approved benchmark; complete operative period not certified,Not established by this schedule/amendment row; consult separate surcharge evidence.,rate review; inspect order for cost rationale
E061,29200,Sandy Hook Water District,baseline_anchor,,,2017-03-21,50.95,,,,documented approved benchmark; complete operative period not certified,Not established by this schedule/amendment row; consult separate surcharge evidence.,
E062,29200,Sandy Hook Water District,endpoint_schedule,2022-00206,,2022-08-10,66.24,True,,,documented approved benchmark; complete operative period not certified,Not established by this schedule/amendment row; consult separate surcharge evidence.,unclassified
E063,29800,South Anderson Water District,baseline_anchor,,,2018-09-01,39.99,,,,documented approved benchmark; complete operative period not certified,Not established by this schedule/amendment row; consult separate surcharge evidence.,
E064,32500,Western Fleming County Water District,baseline_anchor,,,2014-10-27,41.23,,,,documented approved benchmark; complete operative period not certified,Not established by this schedule/amendment row; consult separate surcharge evidence.,
E065,32500,Western Fleming County Water District,schedule,2019-00456,2020-03-30,2020-03-30,49.47,True,,,documented approved benchmark; complete operative period not certified,Not established by this schedule/amendment row; consult separate surcharge evidence.,construction/financing-linked rates
E066,32500,Western Fleming County Water District,endpoint_schedule,2021-00406,,2022-09-19,50.66,True,,,documented approved benchmark; complete operative period not certified,Not established by this schedule/amendment row; consult separate surcharge evidence.,rate review; inspect order for cost rationale
E067,32500,Western Fleming County Water District,amending_order,2021-00406,2022-10-05,,,,E066,,amending/clarifying document,Not established by this schedule/amendment row; consult separate surcharge evidence.,rate review; inspect order for cost rationale
E068,7000300,Letcher County Water and Sewer District,baseline_anchor,,,2017-11-21,42.5,,,,documented approved benchmark; complete operative period not certified,Not established by this schedule/amendment row; consult separate surcharge evidence.,
E069,7000300,Letcher County Water and Sewer District,schedule,2020-00037,2020-03-23,2020-02-26,43.66,True,,,documented approved benchmark; complete operative period not certified,Not established by this schedule/amendment row; consult separate surcharge evidence.,purchased-water adjustment
E070,7000300,Letcher County Water and Sewer District,endpoint_schedule,2022-00431,2023-11-17,2023-11-17,53.16,True,,,documented approved benchmark; complete operative period not certified,Not established by this schedule/amendment row; consult separate surcharge evidence.,rate review; inspect order for cost rationale
ASSESS_A01,25605,Mountain Water District,amending_order,2022-00366,2024-04-05,,,,E034,,amending/clarifying document,Not established by this schedule/amendment row; consult separate surcharge evidence.,
V2_MUHLENBERG_PWA,26000,Muhlenberg County Water District #3,endpoint_schedule,2024-00212,2024-08-06,2024-08-01,53.43,True,,,documented approved benchmark; complete operative period not certified,Not established by this schedule/amendment row; consult separate surcharge evidence.,purchased-water adjustment
V3_KNOTT_BASE,19400,Knott County Water & Sewer District,baseline_anchor,,,2011-07-18,29.51,,,,documented approved benchmark; complete operative period not certified,Not established by this schedule/amendment row; consult separate surcharge evidence.,
V3_KNOTT_PHASE1,19400,Knott County Water & Sewer District,schedule,2019-00268,2020-01-31,2020-01-31,43.24,True,,,documented approved benchmark; complete operative period not certified,Not established by this schedule/amendment row; consult separate surcharge evidence.,
V3_KNOTT_PHASE2,19400,Knott County Water & Sewer District,endpoint_schedule,2019-00268,2020-01-31,2021-01-31,49.8,True,,,documented approved benchmark; complete operative period not certified,Not established by this schedule/amendment row; consult separate surcharge evidence.,
V3_ESTILL_AMEND,21500,Estill County Water District #1,amending_order,2023-00371,2024-11-01,,,,E008,,amending/clarifying document,Not established by this schedule/amendment row; consult separate surcharge evidence.,
