utility_id,utility_name,leverage,cooks_distance
19400,Knott County Water & Sewer District,0.055063313362223705,0.08364544067623404
19900,Corinth Water District,0.18724954348695855,0.004035970006273219
20200,Cumberland Falls Highway Water District,0.1638535529458761,0.10169116720379215
21500,Estill County Water District #1,0.05899472103515627,0.007308431102780902
22500,Hardin County Water District #1,0.19863947682376415,0.01827498672864185
22700,Henderson County Water District,0.12127572263419928,0.06068403768531212
23300,Hyden-Leslie County Water District,0.07940451707067293,0.16459590538825206
24100,Laurel County Water District #2,0.12190133137084813,0.001906869276634797
24500,Lyon County Water District,0.1022613278801511,0.0021792205737394496
25605,Mountain Water District,0.3507531848157246,0.021146392879906082
26000,Muhlenberg County Water District #3,0.1561611479084576,5.1436096363698756e-06
26400,Nebo Water District,0.10845559475576483,0.00018680108152080348
26900,North McLean County Water District,0.1889607315017654,0.004524775867901649
27000,North Mercer Water District,0.1849181637590553,0.011035875484810529
28000,Pendleton County Water District,0.15814244335883695,0.002345717955890779
28300,Powell's Valley Water District,0.17045541462102654,0.14484437600394137
29200,Sandy Hook Water District,0.182589978833547,0.002473461430214025
29800,South Anderson Water District,0.09083082944494228,0.06483893445950087
32500,Western Fleming County Water District,0.23672885628681117,0.0742505745725583
7000300,Letcher County Water and Sewer District,0.08336014810421669,0.006120310757653466
