omitted,utility_id,model,n,df,slope,se_HC3,ci_low,ci_high,p,r2
Knott County Water & Sewer District,19400,Leave one out,19,16,-1.3440983097146442,0.7249550946885503,-2.8809344566423487,0.19273783721306015,0.0822606484448456,0.23471475356809268
Corinth Water District,19900,Leave one out,19,16,-1.1940035748224767,0.7841731746457822,-2.8563764432612246,0.46836929361627133,0.1473701541349043,0.1425062617648667
Cumberland Falls Highway Water District,20200,Leave one out,19,16,-0.8857851397068968,0.7036963348915367,-2.3775547290860404,0.6059844496722466,0.22617391895438707,0.11950933931906227
Estill County Water District #1,21500,Leave one out,19,16,-1.1969071600888652,0.7520331528173578,-2.7911462259364495,0.39733190575871924,0.13104488149363117,0.1675559804029354
Hardin County Water District #1,22500,Leave one out,19,16,-1.234056190056553,0.7325652727054854,-2.787025193690375,0.3189128135772692,0.11147487081261775,0.15471828660381892
Henderson County Water District,22700,Leave one out,19,16,-1.3351408167538852,0.7793739450469369,-2.9873397729338613,0.3170581394260912,0.10600161768248785,0.21401197950932127
Hyden-Leslie County Water District,23300,Leave one out,19,16,-0.9215786416780117,0.6327532317314474,-2.2629555707248814,0.41979828736885805,0.16460970846244705,0.15130781296164475
Laurel County Water District #2,24100,Leave one out,19,16,-1.2565921493138417,0.7592719832374025,-2.866176850129043,0.35299255150135944,0.11740506721298692,0.16952975599041553
Lyon County Water District,24500,Leave one out,19,16,-1.2738767328692546,0.7875195562404355,-2.9433436133837247,0.3955901476452153,0.12529487339442905,0.16965779010426008
Mountain Water District,25605,Leave one out,19,16,-1.2299179555227973,0.7357611989472089,-2.7896620201323694,0.3298261090867747,0.11403752583212053,0.1483771155081811
Muhlenberg County Water District #3,26000,Leave one out,19,16,-1.23334691683879,0.8397096046957887,-3.0134517576403774,0.5467579239627973,0.16127915050115507,0.1621891371559856
Nebo Water District,26400,Leave one out,19,16,-1.2249739332805498,0.7562401419893018,-2.828131417767505,0.3781835512064051,0.12481001479716904,0.16826549473455865
North McLean County Water District,26900,Leave one out,19,16,-1.1805649691359503,0.8038379391485166,-2.884625276051983,0.5234953377800824,0.1613106463577148,0.1647345375486814
North Mercer Water District,27000,Leave one out,19,16,-1.3374276390280728,0.8737171809405893,-3.1896253209246836,0.514770042868538,0.14536601993451012,0.17054703035373675
Pendleton County Water District,28000,Leave one out,19,16,-1.180287790633785,0.842112197528631,-2.9654859007135856,0.6049103194460157,0.1801406018701465,0.1440463963623022
Powell's Valley Water District,28300,Leave one out,19,16,-1.6330532151461805,0.7105702584086092,-3.1393948714156075,-0.12671155887675356,0.03536841690509028,0.24268894185205336
Sandy Hook Water District,29200,Leave one out,19,16,-1.2072849630594626,0.7687278097316818,-2.836915120568403,0.4223451944494778,0.13586267256435114,0.1690771739112864
South Anderson Water District,29800,Leave one out,19,16,-1.0081863732310599,0.7436250574878945,-2.5846010732333573,0.5682283267712378,0.19400014767623386,0.1417575380942383
Western Fleming County Water District,32500,Leave one out,19,16,-1.5002239887532645,0.7900748462882167,-3.175107842181073,0.1746598646745443,0.07577124885918698,0.20319503507743186
Letcher County Water and Sewer District,7000300,Leave one out,19,16,-1.2957104876865762,0.7839878054445115,-2.957690390973238,0.36626941560008586,0.11787302577659908,0.17734303968577358
