model,n,df,slope,se_HC3,ci_low,ci_high,p,r2
Primary,20,17,-1.2310921377721913,0.7406652048025983,-2.7937591248238163,0.3315748492794337,0.1148108586053675,0.16819851947679276
Unadjusted,20,18,-1.276097650210609,0.6409794894787691,-2.6227455869990037,0.07055028657778584,0.06189933848885914,0.16711511373627963
Broader supported,27,24,-0.5152513947141206,0.35639958069417094,-1.250823976673651,0.22032118724540983,0.16119070808749772,0.15077823118626277
Base only,20,17,-1.17020716080168,0.7641147950856644,-2.7823484587263265,0.4419341371229666,0.14405371711705986,0.14056970356733967
Add log initial charge,20,16,-0.976681210753513,0.6408689799650614,-2.3352627574879667,0.38190033598094075,0.14703036132418423,0.3939202543994983
Add raw initial charge,20,16,-0.9205823073805801,0.6401659413646232,-2.277673478860408,0.4365088640992476,0.169695429041172,0.37843573162689603
Original design weights,20,17,-1.5984639989445815,0.7620005661395669,-3.2061446637036455,0.00921666581448255,0.05118517435320685,0.19457321124495797
Dollar change,20,17,-0.5707298007008321,0.32457195231600644,-1.2555167618249148,0.11405716042325043,0.09666573993405199,0.16091616247248697
Omit Hyden-Leslie,19,16,-0.9215786416780117,0.6327532317314474,-2.2629555707248814,0.41979828736885805,0.16460970846244705,0.15130781296164475
2000 gallons,20,17,-1.0137917198573172,0.6703637624049694,-2.4281356285942732,0.40055218887963884,0.1488244220969605,0.17301174929933794
6000 gallons,20,17,-1.3398159495230002,0.7840812174674364,-2.994082716422309,0.31445081737630876,0.10568477552766344,0.1629349257354833
Exclude mixed; ARC adjusted,19,15,-1.4777970957209368,0.9068442260240309,-3.4106898091733644,0.45509561773149065,0.12400013650464996,0.23519992007546908
Martin conditional scenario,21,18,-0.7271588930141619,0.705907407145198,-2.2102153230549124,0.7558975370265886,0.316604351108039,0.10104384347377493
