utility_id,utility_name,base_bill_2019,base_bill_2024,charge_inclusive_bill_or_scenario_2019,charge_inclusive_bill_or_scenario_2024,delta_base,delta_total,delta_extras
19400,Knott County Water & Sewer District,29.51,49.8,29.51,49.8,20.289999999999996,20.289999999999996,0.0
19900,Corinth Water District,58.81,66.7,58.81,66.7,7.890000000000001,7.890000000000001,0.0
20200,Cumberland Falls Highway Water District,47.4,47.4,47.4,47.4,0.0,0.0,0.0
21500,Estill County Water District #1,42.64,50.05,46.18,53.59,7.409999999999997,7.410000000000004,7.105427357601002e-15
22500,Hardin County Water District #1,27.16,38.64,27.16,38.64,11.48,11.48,0.0
22700,Henderson County Water District,35.14,38.69,35.14,40.56,3.549999999999997,5.420000000000002,1.8700000000000045
23300,Hyden-Leslie County Water District,31.48,58.81,31.48,58.81,27.330000000000002,27.330000000000002,0.0
24100,Laurel County Water District #2,25.08,32.58,25.08,32.58,7.5,7.5,0.0
24500,Lyon County Water District,46.24,57.45,46.24,57.45,11.21,11.21,0.0
25605,Mountain Water District,39.71,54.91,39.71,56.63,15.199999999999996,16.92,1.720000000000006
26000,Muhlenberg County Water District #3,39.67,53.43,39.67,53.43,13.759999999999998,13.759999999999998,0.0
26400,Nebo Water District,42.29,54.41,42.29,54.41,12.119999999999997,12.119999999999997,0.0
26900,North McLean County Water District,31.68,42.73,31.68,42.73,11.049999999999997,11.049999999999997,0.0
27000,North Mercer Water District,41.29,55.3,41.29,55.3,14.009999999999998,14.009999999999998,0.0
28000,Pendleton County Water District,42.07,47.94,42.07,47.94,5.869999999999997,5.869999999999997,0.0
28300,Powell's Valley Water District,43.34,46.43,43.34,48.71,3.0899999999999963,5.369999999999997,2.280000000000001
29200,Sandy Hook Water District,50.95,66.24,50.95,66.24,15.289999999999992,15.289999999999992,0.0
29800,South Anderson Water District,39.99,39.99,39.99,39.99,0.0,0.0,0.0
32500,Western Fleming County Water District,41.23,50.66,41.23,52.12,9.43,10.89,1.4600000000000009
7000300,Letcher County Water and Sewer District,42.5,53.16,42.5,53.16,10.659999999999997,10.659999999999997,0.0
