utility_id,gallons,price_status,base_bill_2019,base_bill_2024,charge_inclusive_bill_or_scenario_2019,charge_inclusive_bill_or_scenario_2024,2019,2024,customer_change_pct,utility_name,district_name_flag,counties_reported,operating_margin_pct_2019,operating_revenue_2019,full_operating_expenses_2019,arc_group_2019,counties_reported_2019,operating_margin_pct_2024,operating_revenue_2024,full_operating_expenses_2024,arc_group_2024,counties_reported_2024,county_set_changed,documented_in_window_merger,screening_status,margin_change_pp,material_customer_flag,years_observed,conservative_screen_pass,x,ln_n19,declining,ln_bill19,y_base,y_full,full_pct_change,bill_change_dollars,arc_all,arc_mixed,main_eligible,design_weight,real_pct_change,main_eligible_v2,account_pct
19400,4000,supported,29.51,49.8,29.51,49.8,3055.0,3170.0,3.764320785597386,Knott County Water & Sewer District,True,Knott,-54.33888876906846,2179187.0,3363333.0,all ARC,Knott,-27.70643865565256,3760754.0,4802725.0,all ARC,Knott,False,False,candidate: further boundary/legal verification required,26.6324501134159,False,6,True,3.6951995265630644,8.024534871605695,False,3.3847291889548483,52.3285795075759,52.3285795075759,68.75635377838019,20.289999999999996,1.0,0.0,True,4.705882352941177,37.405919601544554,False,3.764320785597386
19900,4000,supported,58.81,66.7,58.81,66.7,1131.0,1236.0,9.283819628647215,Corinth Water District,True,Grant | Harrison | Pendleton,14.076050072905398,744115.0,639373.0,no ARC,Grant | Harrison | Pendleton,9.295829662481983,931891.0,845264.0,no ARC,Grant | Harrison | Pendleton,False,False,candidate: further boundary/legal verification required,-4.7802204104234125,False,6,True,8.877816190151563,7.030857476116121,False,4.074311908471865,12.589304444971342,12.589304444971342,13.416085699710933,7.890000000000001,0.0,0.0,True,4.705882352941177,-7.653601157784207,True,9.283819628647215
20200,4000,supported,47.4,47.4,47.4,47.4,3271.0,3567.0,9.049220421889338,Cumberland Falls Highway Water District,True,Whitley,14.858115286673655,2034962.0,1732605.0,all ARC,Whitley,8.58047096214833,2160301.0,1974937.0,all ARC,Whitley,False,False,candidate: further boundary/legal verification required,-6.277644324525326,False,6,True,8.662915782050767,8.092851027538384,False,3.858622228701031,0.0,0.0,0.0,0.0,1.0,0.0,True,4.705882352941177,-18.577335593542564,True,9.049220421889338
21500,4000,supported,42.64,50.05,46.18,53.59,3527.0,3648.0,3.43067762971363,Estill County Water District #1,True,Estill,-9.120753403080595,1990329.0,2171862.0,all ARC,Estill,2.843188687981156,2272132.0,2207531.0,all ARC,Estill,False,False,candidate: further boundary/legal verification required,11.963942091061751,False,6,True,3.3731420958169935,8.168202930236053,False,3.8325468039263493,16.022972590364034,14.881567958040968,16.045907319185805,7.410000000000004,1.0,0.0,True,4.705882352941177,-5.512330326070714,True,3.43067762971363
22500,4000,supported,27.16,38.64,27.16,38.64,9504.0,9437.0,-0.7049663299663278,Hardin County Water District #1,True,Breckinridge | Hardin | Meade,2.102355589664984,9497537.0,9297865.0,no ARC,Breckinridge | Hardin | Meade,14.234116511115232,11419374.0,9793927.0,no ARC,Breckinridge | Hardin | Meade,False,False,candidate: further boundary/legal verification required,12.131760921450248,False,6,True,-0.707462958109312,9.159468041602427,True,3.3017453026904953,35.254270665382194,35.254270665382194,42.26804123711341,11.48,0.0,0.0,True,1.0,15.83842977413532,True,-0.7049663299663278
22700,4000,supported,35.14,38.69,35.14,40.56,6150.0,6039.0,-1.8048780487804887,Henderson County Water District,True,Henderson | Webster,5.171631909341572,3192996.0,3027866.0,no ARC,Henderson | Webster,-2.955561995910523,3743755.0,3854404.0,no ARC,Henderson | Webster,False,False,candidate: further boundary/legal verification required,-8.127193905252094,False,6,True,-1.8213646492662394,8.724207360800564,True,3.559340082758951,9.624108595347044,14.34422765239766,15.424018212862833,5.420000000000002,0.0,0.0,True,1.0,-6.0186890060923925,True,-1.8048780487804894
23300,4000,supported,31.48,58.81,31.48,58.81,3412.0,3372.0,-1.1723329425556872,Hyden-Leslie County Water District,True,Clay | Leslie | Perry,-53.71141612436331,1533121.0,2356582.0,all ARC,Clay | Leslie | Perry,-30.724383075635792,2448801.0,3201180.0,all ARC,Clay | Leslie | Perry,False,False,candidate: further boundary/legal verification required,22.98703304872752,False,6,True,-1.1792589489823675,8.13505390861157,True,3.4493524235492026,62.495948492266216,62.495948492266216,86.81702668360865,27.330000000000002,1.0,0.0,True,1.0,52.11140069071669,True,-1.1723329425556872
24100,4000,supported,25.08,32.58,25.08,32.58,5717.0,5927.0,3.673255203778214,Laurel County Water District #2,True,Knox | Laurel,-14.196048542446746,2437784.0,2783853.0,all ARC,Knox | Laurel,3.9055199521595134,3257492.0,3130270.0,all ARC,Knox | Laurel,False,False,candidate: further boundary/legal verification required,18.101568494606266,False,6,True,3.607399052386696,8.651199471263972,False,3.22207071576472,26.162788740917918,26.162788740917918,29.904306220095698,7.5,1.0,0.0,True,4.705882352941177,5.771547303125324,True,3.673255203778214
24500,4000,supported,46.24,57.45,46.24,57.45,2587.0,2779.0,7.421724004638586,Lyon County Water District,True,Lyon,-11.674361419180007,1195620.0,1335201.0,no ARC,Lyon,0.607732854093067,1527974.0,1518688.0,no ARC,Lyon,False,False,candidate: further boundary/legal verification required,12.282094273273074,False,6,True,7.159224755647467,7.8582541821860294,False,3.833845224364122,21.70697799306427,21.70697799306427,24.243079584775096,11.21,0.0,0.0,True,4.705882352941177,1.162025738559258,True,7.421724004638586
25605,4000,supported,39.71,54.91,39.71,56.63,15583.0,15227.0,-2.2845408457934924,Mountain Water District,True,Pike,-28.02055581762309,8502897.0,10885456.0,all ARC,Pike,-19.45463048745985,10218503.0,12206475.0,all ARC,Pike,False,False,candidate: further boundary/legal verification required,8.565925330163243,False,6,True,-2.3110408604882036,9.653935855445614,True,3.6816030451431603,32.409243614762104,35.493583498255354,42.6089146310753,16.92,1.0,0.0,True,1.0,16.115977973751818,True,-2.2845408457934924
26000,4000,supported,39.67,53.43,39.67,53.43,2019.0,1972.0,-2.3278850916295224,Muhlenberg County Water District #3,True,McLean | Muhlenberg,-9.47815477067096,1215437.0,1330638.0,no ARC,McLean | Muhlenberg,4.4034525599947685,1529300.0,1461958.0,no ARC,McLean | Muhlenberg,False,False,candidate: further boundary/legal verification required,13.881607330665728,False,6,True,-2.35540831502568,7.610357618312838,True,3.6805952345262387,29.777715144344118,29.777715144344118,34.68616082682128,13.759999999999998,0.0,0.0,True,1.0,9.665060731964225,True,-2.3278850916295224
26400,4000,supported,42.29,54.41,42.29,54.41,1542.0,1574.0,2.075226977950706,Nebo Water District,True,Hopkins,0.3364466723975286,931797.0,928662.0,no ARC,Hopkins,2.0744503198308704,1179686.0,1155214.0,no ARC,Hopkins,False,False,candidate: further boundary/legal verification required,1.7380036474333418,False,6,True,2.0539874854073665,7.340835554123275,False,3.7445506514843974,25.199730901343674,25.199730901343674,28.659257507685034,12.119999999999997,0.0,0.0,True,4.705882352941177,4.757795468322268,True,2.075226977950706
26900,4000,supported,31.68,42.73,31.68,42.73,1275.0,1274.0,-0.0784313725490148,North McLean County Water District,True,McLean,1.0249602033561311,794665.0,786520.0,no ARC,McLean,-2.152138021042712,1069634.0,1092654.0,no ARC,McLean,False,False,candidate: further boundary/legal verification required,-3.177098224398843,False,6,True,-0.0784621460417818,7.150701457592526,True,3.455685566946225,29.921568270970845,29.921568270970845,34.8800505050505,11.049999999999997,0.0,0.0,True,1.0,9.822930873987556,True,-0.07843137254901489
27000,4000,supported,41.29,55.3,41.29,55.3,4711.0,4465.0,-5.221821269369564,North Mercer Water District,True,Anderson | Boyle | Mercer | Washington,3.4332188160785018,2436023.0,2352389.0,no ARC,Anderson | Boyle | Mercer | Washington,12.91702649254962,3274732.0,2851734.0,no ARC,Anderson | Boyle | Mercer | Washington,False,False,candidate: further boundary/legal verification required,9.483807676471116,False,6,True,-5.363098538944173,8.45765547870004,True,3.720620339897999,29.215256863029023,29.215256863029023,33.93073383385807,14.009999999999998,0.0,0.0,True,1.0,9.049971946648006,True,-5.221821269369564
28000,4000,supported,42.07,47.94,42.07,47.94,2329.0,2556.0,9.746672391584376,Pendleton County Water District,True,Campbell | Grant | Pendleton,-14.6335959534205,1387048.0,1590023.0,no ARC,Campbell | Grant | Pendleton,5.03536153984816,1708636.0,1622600.0,no ARC,Campbell | Grant | Pendleton,False,False,candidate: further boundary/legal verification required,19.66895749326866,False,6,True,9.300454561308449,7.753194269884341,False,3.7393348976024297,13.061533140380874,13.061533140380874,13.952935583551218,5.869999999999997,0.0,0.0,True,4.705882352941177,-7.216483678498475,True,9.746672391584376
28300,4000,supported,43.34,46.43,43.34,48.71,2215.0,2144.0,-3.205417607223471,Powell's Valley Water District,True,Estill | Montgomery | Powell,-10.057152033054455,1295317.0,1425589.0,all ARC,Estill | Montgomery | Powell,0.8569238671518272,1621731.0,1607834.0,all ARC,Estill | Montgomery | Powell,False,False,candidate: further boundary/legal verification required,10.914075900206283,False,6,True,-3.257916028854335,7.703007682479236,True,3.769075996108213,6.886980592361719,11.680835171023816,12.390401476695878,5.369999999999997,1.0,0.0,True,1.0,-8.488740580559739,True,-3.205417607223471
29200,4000,supported,50.95,66.24,50.95,66.24,1088.0,1112.0,2.2058823529411686,Sandy Hook Water District,True,Elliott | Morgan,-22.23537115492336,760518.0,929622.0,all ARC,Elliott | Morgan,17.595685094907168,1012305.0,834183.0,all ARC,Elliott | Morgan,False,False,candidate: further boundary/legal verification required,39.831056249830525,False,6,True,2.1819047394639672,6.992096427415888,False,3.9308447596687337,26.243975040827035,26.243975040827035,30.009813542688903,15.289999999999992,1.0,0.0,True,4.705882352941177,5.857454176324639,True,2.2058823529411686
29800,4000,supported,39.99,39.99,39.99,39.99,2962.0,3156.0,6.549628629304527,South Anderson Water District,True,Anderson,3.8088715716437607,1734687.0,1668615.0,no ARC,Anderson,3.698509626344678,2052908.0,1976981.0,no ARC,Anderson,False,False,candidate: further boundary/legal verification required,-0.1103619452990827,False,6,True,6.34406871380208,7.993619994827744,False,3.688629422858727,0.0,0.0,0.0,0.0,0.0,0.0,True,4.705882352941177,-18.577335593542564,True,6.549628629304527
32500,4000,supported,41.23,50.66,41.23,52.12,1484.0,1665.0,12.196765498652296,Western Fleming County Water District,True,Fleming | Mason | Nicholas | Robertson,-10.859325927774288,1162190.0,1288396.0,mixed ARC/non-ARC,Fleming | Mason | Nicholas | Robertson,-15.918013978729244,1420730.0,1646882.0,mixed ARC/non-ARC,Fleming | Mason | Nicholas | Robertson,False,False,candidate: further boundary/legal verification required,-5.058688050954958,False,6,True,11.508397868721849,7.302496423727326,False,3.7191661467188086,20.597049785472052,23.43826055378358,26.41280620907107,10.89,0.0,1.0,True,4.705882352941177,2.9286749663973266,True,12.196765498652296
7000300,4000,supported,42.5,53.16,42.5,53.16,2953.0,2920.0,-1.1175076193701283,Letcher County Water and Sewer District,True,Letcher,-55.16444432471431,1423943.03,2209453.29,all ARC,Letcher,-57.91670599487869,1601055.92,2528334.77,all ARC,Letcher,False,False,candidate: further boundary/legal verification required,-2.75226167016438,False,6,True,-1.12379864815952,7.990576881743923,True,3.7495040759303713,22.38021579146734,22.38021579146734,25.082352941176467,10.659999999999997,1.0,0.0,True,1.0,1.8453844669947594,True,-1.1175076193701283
