utility_id,utility_name,base_2019,extra_2019,base_2024,extra_2024,total_2019,total_2024,delta_base,delta_extra,delta_total,documented_proceedings,document_supported_interpretation,material_limit,evidence_reference,temporary_extra_absent_both_endpoints,component_scope
19900,Corinth Water District,58.81,0.0,66.7,0.0,58.81,66.7,7.89,0.0,7.89,Purchased-water adjustments; retail rate review,Wholesale-cost pass-through steps followed by a rate review.,2020 supplier delay changed the service date; full invoice history unavailable.,"E002–E005; cases 2020-00083, 2021-00232, 2021-00425",No such spell established in current ledger,"Base minimum/meter and usage prices; supported recurring extras separately; pre-tax 4,000-gallon monthly benchmark"
20200,Cumberland Falls Highway Water District,47.4,0.0,47.4,0.0,47.4,47.4,0.0,0.0,0.0,No later benchmark revision documented,Same ordinary base schedule supports both endpoints.,Unchanged endpoints do not establish absence of intervening events.,E006; endpoint tariff register,No such spell established in current ledger,"Base minimum/meter and usage prices; supported recurring extras separately; pre-tax 4,000-gallon monthly benchmark"
21500,Estill County Water District #1,42.64,3.54,50.05,3.54,46.18,53.59,7.41,0.0,7.41,Retail rate review; recurring surcharge; bulk-rate amendment,Ordinary base revised; general $3.54 extra at both endpoints.,Non-Cobhill benchmark with whole-district counts; area shares and count swing unresolved.,E007–E008; V3_ESTILL_AMEND; case 2023-00371; surcharge S06,No such spell established in current ledger,"Base minimum/meter and usage prices; supported recurring extras separately; pre-tax 4,000-gallon monthly benchmark"
22500,Hardin County Water District #1,27.16,0.0,38.64,0.0,27.16,38.64,11.48,0.0,11.48,Construction/financing-linked approval; purchased-water adjustments,2022 case joins project financing with rate approval; subsequent PWA steps.,Do not interpret the financing-linked dollar step as an isolated investment effect.,"E010–E013; cases 2022-00337, 2023-00315, 2024-00319",No such spell established in current ledger,"Base minimum/meter and usage prices; supported recurring extras separately; pre-tax 4,000-gallon monthly benchmark"
22700,Henderson County Water District,35.14,0.0,38.69,1.87,35.14,40.56,3.55,1.87,5.42,Purchased-water adjustments; retail rate review; surcharge,PWA path includes decreases; final charge includes $1.87 extra.,Reported February 2024 first billing is not independently reconciled cash receipts.,"E015–E019; cases 2022-00034, 2023-00041, 2023-00101; S02",No such spell established in current ledger,"Base minimum/meter and usage prices; supported recurring extras separately; pre-tax 4,000-gallon monthly benchmark"
23300,Hyden-Leslie County Water District,31.48,0.0,58.81,0.0,31.48,58.81,27.33,0.0,27.33,Phased retail rate reviews; temporary surcharge; date amendment,"Orders specify pro-forma expenses, debt and coverage/working capital.",Temporary $1.53 billed Dec 2020–Nov 2024; earlier phase-two first invoice unresolved.,"E021–E024; cases 2020-00141, 2024-00022, 2020-00340; S01",1.53 monthly; Dec 2020–Nov 2024,"Base minimum/meter and usage prices; supported recurring extras separately; pre-tax 4,000-gallon monthly benchmark"
19400,Knott County Water & Sewer District,29.51,0.0,49.8,0.0,29.51,49.8,20.29,0.0,20.29,Phased retail rate review,2018 test-year adjustments and debt-service method support two approved phases.,Retail-increase table and summary amounts differ; no matched causal comparison.,"V3_KNOTT_BASE/PHASE1/PHASE2; case 2019-00268 pp35–38,41–43",No such spell established in current ledger,"Base minimum/meter and usage prices; supported recurring extras separately; pre-tax 4,000-gallon monthly benchmark"
24100,Laurel County Water District #2,25.08,0.0,32.58,0.0,25.08,32.58,7.5,0.0,7.5,Construction/financing-linked rate approval,2020 order joins system improvements and financing with rates.,The entire benchmark increase cannot be assigned causally to construction.,"E026; case 2020-00079, April 8, 2020 pp1–3",No such spell established in current ledger,"Base minimum/meter and usage prices; supported recurring extras separately; pre-tax 4,000-gallon monthly benchmark"
7000300,Letcher County Water and Sewer District,42.5,0.0,53.16,0.0,42.5,53.16,10.66,0.0,10.66,Purchased-water adjustment; retail rate review,Wholesale-cost adjustment and later retail review are documented.,2020 typed/stamped dates differ; complete invoices unavailable; Knott is a reported vendor.,"E069–E070; cases 2020-00037, 2022-00431",No such spell established in current ledger,"Base minimum/meter and usage prices; supported recurring extras separately; pre-tax 4,000-gallon monthly benchmark"
24500,Lyon County Water District,46.24,0.0,57.45,0.0,46.24,57.45,11.21,0.0,11.21,Purchased-water adjustment; retail rate review; later tariff revision,PWA and 2022 review identified; 2024 schedule supports endpoint.,Cause/proceeding for final 2024 step not classified in this ledger.,"E028–E030; cases 2021-00195, 2021-00391; endpoint tariff",No such spell established in current ledger,"Base minimum/meter and usage prices; supported recurring extras separately; pre-tax 4,000-gallon monthly benchmark"
25605,Mountain Water District,39.71,0.0,54.91,1.72,39.71,56.63,15.2,1.72,16.92,Purchased-water adjustments; retail review; corrections; surcharge,Final corrected base plus $1.72 extra; amendments revise prior authorization.,Refund installment and surcharge-duration wording conflict; actual historical billing incomplete.,E032–E036; ASSESS_A01; case 2022-00366; S03,No such spell established in current ledger,"Base minimum/meter and usage prices; supported recurring extras separately; pre-tax 4,000-gallon monthly benchmark"
26000,Muhlenberg County Water District #3,39.67,0.0,53.43,0.0,39.67,53.43,13.76,0.0,13.76,Retail rate review; superseding purchased-water adjustment; earlier step unclassified,August 2024 PWA supersedes same-effective-date retail approval.,Do not count both approvals as successive invoices; 2022 step not economically classified.,"E038–E039; V2_MUHLENBERG_PWA; cases 2023-00400, 2024-00212",No such spell established in current ledger,"Base minimum/meter and usage prices; supported recurring extras separately; pre-tax 4,000-gallon monthly benchmark"
26400,Nebo Water District,42.29,0.0,54.41,0.0,42.29,54.41,12.12,0.0,12.12,Construction/financing-linked approval; PWA; retail review,2024 order links loan-required rates to pump/SCADA/meter project; later adjustments.,January revision leaves base unchanged; component changes are not causal cost shares.,"E041–E044; cases 2024-00062 p1, 2024-00120, 2024-00002",No such spell established in current ledger,"Base minimum/meter and usage prices; supported recurring extras separately; pre-tax 4,000-gallon monthly benchmark"
26900,North McLean County Water District,31.68,0.0,42.73,0.0,31.68,42.73,11.05,0.0,11.05,Purchased-water adjustments; retail review; unclassified step,Multiple PWA steps and a retail review occur in the documented path.,February 2021 step lacks linked proceeding; one cancellation stamp conflicts with chronology.,"E046–E050; cases 2020-00168, 2020-00320, 2020-00238, 2021-00225",No such spell established in current ledger,"Base minimum/meter and usage prices; supported recurring extras separately; pre-tax 4,000-gallon monthly benchmark"
27000,North Mercer Water District,41.29,0.0,55.3,0.0,41.29,55.3,14.01,0.0,14.01,Unclassified tariff step; PWA; retail review,2023 PWA and 2024 retail review follow a 2021 tariff increase.,2021 step lacks linked proceeding; South Anderson appears among endpoint vendors.,"E052–E054; cases 2023-00268, 2023-00185",No such spell established in current ledger,"Base minimum/meter and usage prices; supported recurring extras separately; pre-tax 4,000-gallon monthly benchmark"
28000,Pendleton County Water District,42.07,0.0,47.94,0.0,42.07,47.94,5.87,0.0,5.87,Retail rate review; wholesale special-contract amendment,March 2020 retail revision; October contract revision leaves residential base unchanged.,Later connector label is unusual; no actual meter transition established.,"E056–E057; cases 2019-00310, 2020-00158 p1",No such spell established in current ledger,"Base minimum/meter and usage prices; supported recurring extras separately; pre-tax 4,000-gallon monthly benchmark"
28300,Powell's Valley Water District,43.34,0.0,46.43,2.28,43.34,48.71,3.09,2.28,5.37,Purchased-water adjustment; review with surcharge authorization,2023 PWA changes base; December 2024 adds $2.28 without changing base.,"First surcharge invoice unknown; three-county service supported, precise boundaries unverified.","E059–E060; cases 2023-00053, 2023-00387; S05",No such spell established in current ledger,"Base minimum/meter and usage prices; supported recurring extras separately; pre-tax 4,000-gallon monthly benchmark"
29200,Sandy Hook Water District,50.95,0.0,66.24,0.0,50.95,66.24,15.29,0.0,15.29,Tariff revision; proceeding not classified,2022 tariff identifies the larger approved ordinary retail charge.,Economic explanation not established from the reviewed ledger; do not infer one from increase.,E062; case number 2022-00206 on tariff; endpoint register,No such spell established in current ledger,"Base minimum/meter and usage prices; supported recurring extras separately; pre-tax 4,000-gallon monthly benchmark"
29800,South Anderson Water District,39.99,0.0,39.99,0.0,39.99,39.99,0.0,0.0,0.0,No later benchmark revision documented,Same ordinary base schedule supports both endpoints.,No complete billing history; unchanged benchmark does not imply unchanged finances.,E063; endpoint tariff register,No such spell established in current ledger,"Base minimum/meter and usage prices; supported recurring extras separately; pre-tax 4,000-gallon monthly benchmark"
32500,Western Fleming County Water District,41.23,0.0,50.66,1.46,41.23,52.12,9.43,1.46,10.89,Construction/financing-linked approval; retail review; correction; surcharge,2020 project/financing approval; later base revision and $1.46 extra.,November 2022 reported collection start does not establish first invoice date.,"E065–E067; cases 2019-00456, 2021-00406, 2022-00305; S04",No such spell established in current ledger,"Base minimum/meter and usage prices; supported recurring extras separately; pre-tax 4,000-gallon monthly benchmark"
