utility_id,utility_name,original_stratum,endpoint_pair_reconstructed,price_classification,legacy_price_status,account_screen_pass,primary,decision_reason,evidence_reference
18500,Barkley Lake Water District,nondeclining,True,Supported,supported,False,False,"Residential/unmetered discontinuity, county-set change and count jumps unresolved.",District decision memo: Barkley; reports 2021/2023 p49 and county p12
19200,Bullock Pen Water District,nondeclining,False,Not reconstructed,excluded: geographic extension surcharges,True,False,No accepted endpoint pair in retained reconstruction; extension-charge applicability unresolved. Geographic exceptions alone are not a categorical ban.,Original tariff feasibility/disposition; no completed non-extension pair
19201,Caldwell County Water District,declining,True,Supported,supported,False,False,Residential/unmetered classification and 2023–24 opening gap unresolved.,District decision memo: Caldwell; 2022/2024 reports p49
19900,Corinth Water District,nondeclining,True,Supported,supported,True,True,Supported benchmark; passes stated mechanical screen. Physical-boundary stability not certified.,Endpoint and comparability registers; original account screen
20200,Cumberland Falls Highway Water District,nondeclining,True,Supported,supported,True,True,Supported benchmark; passes stated mechanical screen. Physical-boundary stability not certified.,Endpoint and comparability registers; original account screen
21200,East Pendleton Water District,nondeclining,True,Supported,supported,False,False,Annual increase exceeds 10%; financial discussion of new customers does not reconcile net accounts.,"District decision memo: East Pendleton; reports p49, financial statement p10"
21500,Estill County Water District #1,nondeclining,True,Supported,supported,True,True,Retain non-Cobhill benchmark paired with district-wide counts; area shares and sub-threshold swing unresolved.,Comparability memo: Estill; 2023-00371
21900,Garrison-Quincy-Ky-O-Heights Water District,nondeclining,True,Conditional,regional,False,False,"Non-extension benchmark possible, but $1.73 endpoint charge remains conditional; separate account opening gap fails screen.",Comparability memo: Garrison; current tariff pp5–6; 2023-00408
22500,Hardin County Water District #1,declining,True,Supported,supported,True,True,Supported benchmark; passes stated mechanical screen. Physical-boundary stability not certified.,Endpoint and comparability registers; original account screen
22700,Henderson County Water District,declining,True,Supported,supported,True,True,Supported benchmark; passes stated mechanical screen. Physical-boundary stability not certified.,Endpoint and comparability registers; original account screen
23000,Henry County Water District #2,declining,True,Supported,supported,False,False,2023 account report unavailable. Corrected 2024 tariff retained in broader sample.,District decision memo: Henry; case 2023-00090 Appendix A
23300,Hyden-Leslie County Water District,declining,True,Supported,supported,True,True,Supported benchmark; passes stated mechanical screen. Physical-boundary stability not certified.,Endpoint and comparability registers; original account screen
19400,Knott County Water & Sewer District,nondeclining,True,Supported,supported,True,True,Admitted in v3: southwest usage table cancelled in 2007; ordinary category traceable; unchanged account screen passes.,Comparability memo: Knott; tariff pp1/5/6; 2019-00268
24100,Laurel County Water District #2,nondeclining,True,Supported,supported,True,True,Supported benchmark; passes stated mechanical screen. Physical-boundary stability not certified.,Endpoint and comparability registers; original account screen
7000300,Letcher County Water and Sewer District,declining,True,Supported,supported,True,True,Supported benchmark; passes stated mechanical screen. Physical-boundary stability not certified.,Endpoint and comparability registers; original account screen
24500,Lyon County Water District,nondeclining,True,Supported,supported,True,True,Supported benchmark; passes stated mechanical screen. Physical-boundary stability not certified.,Endpoint and comparability registers; original account screen
25000,Martin County Water District,declining,True,Conditional,conditional,True,False,Debt-surcharge payoff/cap status unresolved at final endpoint; listed-charge scenario only.,"V3 comparability memo; original tariff disposition, Martin charge evidence"
25605,Mountain Water District,declining,True,Supported,supported,True,True,Supported benchmark; passes stated mechanical screen. Physical-boundary stability not certified.,Endpoint and comparability registers; original account screen
26000,Muhlenberg County Water District #3,declining,True,Supported,supported,True,True,Supported benchmark; passes stated mechanical screen. Physical-boundary stability not certified.,Endpoint and comparability registers; original account screen
26400,Nebo Water District,nondeclining,True,Supported,supported,True,True,Supported benchmark; passes stated mechanical screen. Physical-boundary stability not certified.,Endpoint and comparability registers; original account screen
26600,North Hopkins Water District,declining,True,Supported,supported,False,False,"Temporary 1,376→1,598→1,365 residential sequence unexplained.",District decision memo: North Hopkins; 2022/2023 reports p50
26900,North McLean County Water District,declining,True,Supported,supported,True,True,Supported benchmark; passes stated mechanical screen. Physical-boundary stability not certified.,Endpoint and comparability registers; original account screen
27000,North Mercer Water District,declining,True,Supported,supported,True,True,Supported benchmark; passes stated mechanical screen. Physical-boundary stability not certified.,Endpoint and comparability registers; original account screen
28000,Pendleton County Water District,nondeclining,True,Supported,supported,True,True,Supported benchmark; passes stated mechanical screen. Physical-boundary stability not certified.,Endpoint and comparability registers; original account screen
28300,Powell's Valley Water District,declining,True,Supported,supported,True,True,Retain ordinary benchmark: order/reports support three counties; first surcharge invoice remains unknown.,Comparability memo: Powell; 2023-00387 p5
28600,Rattlesnake Ridge Water District,declining,True,Conditional,conditional,False,False,Conditional surcharge applicability and start/prior-end discrepancy.,Original price disposition; selected-34 screen; Rattlesnake charge notes
29200,Sandy Hook Water District,nondeclining,True,Supported,supported,True,True,Supported benchmark; passes stated mechanical screen. Physical-boundary stability not certified.,Endpoint and comparability registers; original account screen
29800,South Anderson Water District,nondeclining,True,Supported,supported,True,True,Supported benchmark; passes stated mechanical screen. Physical-boundary stability not certified.,Endpoint and comparability registers; original account screen
30600,Southern Madison Water District,nondeclining,True,Conditional,conditional,False,False,Conditional fee/surcharge treatment and large account-category/continuity flags.,Original price disposition; selected-34 screen; Southern Madison charge notes
7000900,Southern Water & Sewer District,declining,False,Not reconstructed,excluded: meter installation transition plus boundary change,False,False,Meter-installation transition and reported county-set change prevent a supported pair.,Original tariff disposition; selected-34 screen; Southern Water & Sewer
31200,Trimble County Water District #1,declining,True,Supported,supported,False,False,Residential fall coexists with commercial/total growth; exact classification crosswalk unavailable.,District decision memo: Trimble; 2021–2023 reports p49
31400,Union County Water District,nondeclining,True,Conditional,conditional,True,False,Surcharge collection-cap status unresolved; endpoint scenario conditional.,"V3 comparability memo; original tariff disposition, Union charge evidence"
31800,Webster County Water District,declining,True,Supported,supported,False,False,2019 closing versus 2020 opening discrepancy of 100 residential accounts.,District decision memo: Webster; 2019/2020 reports p50
32500,Western Fleming County Water District,nondeclining,True,Supported,supported,True,True,Supported benchmark; passes stated mechanical screen. Physical-boundary stability not certified.,Endpoint and comparability registers; original account screen
